index,forest_length,likelihood,prior,posterior,leaves
0,0.892849,-2449.03,-13.9195,-2462.95,"{t2|t3|t4}|{t1}"
1,0.510745,-2189.92,-13.9276,-2203.84,"{t1|t2|t4}|{t3}"
2,0.951046,-2338.14,-13.9221,-2352.06,"{t3|t4}|{t1|t2}"
3,0.615043,-2188.6,-13.9364,-2202.53,"{t1|t2|t4}|{t3}"
4,0.89842,-2323.15,-13.9291,-2337.08,"{t1|t2|t3}|{t4}"
5,0.983073,-2323.33,-13.9336,-2337.27,"{t1|t2|t3}|{t4}"
6,1.09217,-2550.78,-13.9252,-2564.71,"{t1|t3|t4}|{t2}"
7,0.623012,-2189.36,-13.9266,-2203.29,"{t1|t2|t4}|{t3}"
8,0.838947,-2323.83,-13.922,-2337.75,"{t1|t2|t3}|{t4}"
9,1.23964,-2549.78,-13.9402,-2563.72,"{t1|t3|t4}|{t2}"
10,0.882438,-2323.95,-13.9231,-2337.87,"{t1|t2|t3}|{t4}"
11,1.1908,-2551.17,-13.9359,-2565.11,"{t1|t3|t4}|{t2}"
12,0.840976,-2323.89,-13.9169,-2337.81,"{t1|t2|t3}|{t4}"
13,1.13821,-2553.45,-13.932,-2567.38,"{t1|t3|t4}|{t2}"
14,1.19409,-2549.61,-13.9368,-2563.54,"{t1|t3|t4}|{t2}"
15,1.02468,-2336.27,-13.9314,-2350.2,"{t3|t4}|{t1|t2}"
16,1.09924,-2551.22,-13.9279,-2565.14,"{t1|t3|t4}|{t2}"
17,0.576153,-2188.22,-13.9264,-2202.15,"{t1|t2|t4}|{t3}"
18,0.861281,-2448.97,-13.9212,-2462.9,"{t2|t3|t4}|{t1}"
19,0.578164,-2188.75,-13.9351,-2202.69,"{t1|t2|t4}|{t3}"
20,0.925904,-2448.14,-13.93,-2462.07,"{t2|t3|t4}|{t1}"
21,1.08126,-2552.92,-13.9242,-2566.85,"{t1|t3|t4}|{t2}"
22,1.00405,-2336.16,-13.9294,-2350.09,"{t3|t4}|{t1|t2}"
23,0.922042,-2450.08,-13.9287,-2464.01,"{t2|t3|t4}|{t1}"
24,1.13899,-2551.1,-13.9331,-2565.03,"{t1|t3|t4}|{t2}"
25,0.97662,-2447.03,-13.9323,-2460.97,"{t2|t3|t4}|{t1}"
26,0.544501,-2189.45,-13.9251,-2203.37,"{t1|t2|t4}|{t3}"
27,1.24135,-2550.29,-13.9403,-2564.23,"{t1|t3|t4}|{t2}"
28,0.931358,-2323.24,-13.9303,-2337.17,"{t1|t2|t3}|{t4}"
29,0.966944,-2448.09,-13.9354,-2462.02,"{t2|t3|t4}|{t1}"
30,0.868824,-2338.72,-13.9179,-2352.64,"{t3|t4}|{t1|t2}"
31,0.565645,-2190.72,-13.9316,-2204.65,"{t1|t2|t4}|{t3}"
32,0.918015,-2447.72,-13.9263,-2461.65,"{t2|t3|t4}|{t1}"
33,0.845948,-2450.39,-13.9202,-2464.31,"{t2|t3|t4}|{t1}"
34,0.978791,-2447.21,-13.9329,-2461.15,"{t2|t3|t4}|{t1}"
35,0.952054,-2447.14,-13.928,-2461.07,"{t2|t3|t4}|{t1}"
36,0.902956,-2322.74,-13.9302,-2336.67,"{t1|t2|t3}|{t4}"
37,0.657154,-2191.81,-13.9381,-2205.75,"{t1|t2|t4}|{t3}"
38,0.848702,-2324.81,-13.9232,-2338.73,"{t1|t2|t3}|{t4}"
39,0.991523,-2336.35,-13.9293,-2350.27,"{t3|t4}|{t1|t2}"
40,0.582898,-2188.35,-13.9336,-2202.28,"{t1|t2|t4}|{t3}"
41,0.988248,-2336.23,-13.9267,-2350.15,"{t3|t4}|{t1|t2}"
42,0.473316,-2191.95,-13.9252,-2205.88,"{t1|t2|t4}|{t3}"
43,0.537911,-2189.33,-13.9358,-2203.26,"{t1|t2|t4}|{t3}"
44,1.135,-2552.03,-13.9301,-2565.96,"{t1|t3|t4}|{t2}"
45,0.908823,-2323.98,-13.9312,-2337.91,"{t1|t2|t3}|{t4}"
46,0.90731,-2337.56,-13.9225,-2351.48,"{t3|t4}|{t1|t2}"
47,1.04831,-2448.16,-13.9393,-2462.09,"{t2|t3|t4}|{t1}"
48,0.543534,-2189.13,-13.9267,-2203.06,"{t1|t2|t4}|{t3}"
49,0.526624,-2190.87,-13.9263,-2204.79,"{t1|t2|t4}|{t3}"
50,0.597332,-2189.51,-13.9298,-2203.44,"{t1|t2|t4}|{t3}"
51,0.600818,-2189.01,-13.9262,-2202.93,"{t1|t2|t4}|{t3}"
52,0.825382,-2326.66,-13.9198,-2340.58,"{t1|t2|t3}|{t4}"
53,0.602236,-2189.85,-13.933,-2203.78,"{t1|t2|t4}|{t3}"
54,0.919194,-2322.86,-13.9269,-2336.79,"{t1|t2|t3}|{t4}"
55,1.06984,-2550.97,-13.9228,-2564.89,"{t1|t3|t4}|{t2}"
56,0.839151,-2325.7,-13.9206,-2339.63,"{t1|t2|t3}|{t4}"
57,0.865907,-2323.14,-13.9275,-2337.06,"{t1|t2|t3}|{t4}"
58,0.637466,-2189.42,-13.9394,-2203.36,"{t1|t2|t4}|{t3}"
59,0.936134,-2341.05,-13.924,-2354.97,"{t3|t4}|{t1|t2}"
60,1.01865,-2323.53,-13.9368,-2337.47,"{t1|t2|t3}|{t4}"
61,1.12363,-2449.37,-13.9485,-2463.32,"{t2|t3|t4}|{t1}"
62,0.957967,-2449.81,-13.9302,-2463.74,"{t2|t3|t4}|{t1}"
63,1.05638,-2337.95,-13.9398,-2351.89,"{t3|t4}|{t1|t2}"
64,0.569421,-2190.3,-13.9239,-2204.22,"{t1|t2|t4}|{t3}"
65,0.91289,-2449.12,-13.9277,-2463.05,"{t2|t3|t4}|{t1}"
66,0.878022,-2448.23,-13.9196,-2462.15,"{t2|t3|t4}|{t1}"
67,0.927196,-2322.36,-13.9285,-2336.28,"{t1|t2|t3}|{t4}"
68,1.00213,-2336.24,-13.9259,-2350.17,"{t3|t4}|{t1|t2}"
69,1.22457,-2549.68,-13.9402,-2563.62,"{t1|t3|t4}|{t2}"
70,1.08037,-2553.61,-13.9259,-2567.53,"{t1|t3|t4}|{t2}"
71,1.00564,-2324.87,-13.9383,-2338.81,"{t1|t2|t3}|{t4}"
72,0.957278,-2336.63,-13.9235,-2350.55,"{t3|t4}|{t1|t2}"
73,1.14338,-2338,-13.9429,-2351.94,"{t3|t4}|{t1|t2}"
74,0.527797,-2189.16,-13.9222,-2203.08,"{t1|t2|t4}|{t3}"
75,0.89715,-2448.14,-13.9222,-2462.06,"{t2|t3|t4}|{t1}"
76,0.942904,-2322.28,-13.93,-2336.21,"{t1|t2|t3}|{t4}"
77,0.858679,-2323.39,-13.9229,-2337.31,"{t1|t2|t3}|{t4}"
78,0.981114,-2336.27,-13.9284,-2350.19,"{t3|t4}|{t1|t2}"
79,1.01375,-2336.43,-13.9374,-2350.37,"{t3|t4}|{t1|t2}"
80,0.530278,-2191.64,-13.924,-2205.56,"{t1|t2|t4}|{t3}"
81,0.973619,-2336.51,-13.9296,-2350.44,"{t3|t4}|{t1|t2}"
82,1.0579,-2336.61,-13.9345,-2350.55,"{t3|t4}|{t1|t2}"
83,1.27692,-2551.06,-13.9461,-2565.01,"{t1|t3|t4}|{t2}"
84,1.05874,-2551.94,-13.9243,-2565.87,"{t1|t3|t4}|{t2}"
85,0.926405,-2448.49,-13.9319,-2462.43,"{t2|t3|t4}|{t1}"
86,0.990477,-2336.5,-13.9313,-2350.43,"{t3|t4}|{t1|t2}"
87,1.15942,-2549.64,-13.9321,-2563.57,"{t1|t3|t4}|{t2}"
88,0.914066,-2324.77,-13.9266,-2338.7,"{t1|t2|t3}|{t4}"
89,0.865765,-2322.91,-13.9219,-2336.83,"{t1|t2|t3}|{t4}"
90,0.913864,-2449.04,-13.9257,-2462.96,"{t2|t3|t4}|{t1}"
91,0.875642,-2449.32,-13.9211,-2463.24,"{t2|t3|t4}|{t1}"
92,0.593313,-2189.58,-13.9333,-2203.51,"{t1|t2|t4}|{t3}"
93,0.979075,-2323.52,-13.9324,-2337.45,"{t1|t2|t3}|{t4}"
94,1.06415,-2552.51,-13.924,-2566.44,"{t1|t3|t4}|{t2}"
95,0.589804,-2190.36,-13.9358,-2204.29,"{t1|t2|t4}|{t3}"
96,1.1619,-2550.76,-13.9321,-2564.7,"{t1|t3|t4}|{t2}"
97,1.073,-2325.39,-13.9417,-2339.34,"{t1|t2|t3}|{t4}"
98,0.941322,-2324.57,-13.9347,-2338.5,"{t1|t2|t3}|{t4}"
99,0.969063,-2447.92,-13.9335,-2461.86,"{t2|t3|t4}|{t1}"
100,0.791409,-2327.1,-13.9163,-2341.02,"{t1|t2|t3}|{t4}"
101,0.871696,-2323.87,-13.9225,-2337.79,"{t1|t2|t3}|{t4}"
102,0.970788,-2336.69,-13.9318,-2350.62,"{t3|t4}|{t1|t2}"
103,0.564501,-2188.33,-13.9234,-2202.26,"{t1|t2|t4}|{t3}"
104,1.17393,-2550.29,-13.9363,-2564.23,"{t1|t3|t4}|{t2}"
105,0.521584,-2189.46,-13.9187,-2203.38,"{t1|t2|t4}|{t3}"
106,1.24826,-2550.44,-13.9404,-2564.38,"{t1|t3|t4}|{t2}"
107,1.11506,-2552.49,-13.9276,-2566.42,"{t1|t3|t4}|{t2}"
108,0.962735,-2447.43,-13.9292,-2461.36,"{t2|t3|t4}|{t1}"
109,1.00988,-2447.11,-13.9338,-2461.04,"{t2|t3|t4}|{t1}"
110,0.852812,-2325.13,-13.9245,-2339.05,"{t1|t2|t3}|{t4}"
111,0.941374,-2447.54,-13.9296,-2461.47,"{t2|t3|t4}|{t1}"
112,0.921547,-2448.61,-13.9218,-2462.53,"{t2|t3|t4}|{t1}"
113,1.03934,-2336.26,-13.9363,-2350.19,"{t3|t4}|{t1|t2}"
114,0.909811,-2322.67,-13.9277,-2336.59,"{t1|t2|t3}|{t4}"
115,0.543371,-2190.06,-13.9244,-2203.98,"{t1|t2|t4}|{t3}"
116,1.03456,-2448.25,-13.9326,-2462.18,"{t2|t3|t4}|{t1}"
117,1.10767,-2550.19,-13.9276,-2564.12,"{t1|t3|t4}|{t2}"
118,0.963967,-2336.37,-13.9245,-2350.29,"{t3|t4}|{t1|t2}"
119,1.13539,-2549.59,-13.9304,-2563.52,"{t1|t3|t4}|{t2}"
120,0.909621,-2322.41,-13.9315,-2336.34,"{t1|t2|t3}|{t4}"
121,1.03377,-2447.68,-13.9382,-2461.62,"{t2|t3|t4}|{t1}"
122,0.902437,-2447.99,-13.9266,-2461.92,"{t2|t3|t4}|{t1}"
123,0.537002,-2189.58,-13.9302,-2203.51,"{t1|t2|t4}|{t3}"
124,1.12456,-2337.8,-13.9443,-2351.74,"{t3|t4}|{t1|t2}"
125,1.03223,-2447.99,-13.9388,-2461.93,"{t2|t3|t4}|{t1}"
126,1.06462,-2449.26,-13.9409,-2463.2,"{t2|t3|t4}|{t1}"
127,0.962348,-2447.02,-13.9315,-2460.95,"{t2|t3|t4}|{t1}"
128,0.736984,-2328.86,-13.9095,-2342.77,"{t1|t2|t3}|{t4}"
129,1.11662,-2338.7,-13.943,-2352.65,"{t3|t4}|{t1|t2}"
130,0.931759,-2447.29,-13.9279,-2461.22,"{t2|t3|t4}|{t1}"
131,0.88083,-2324.97,-13.9289,-2338.9,"{t1|t2|t3}|{t4}"
132,0.964479,-2336.58,-13.925,-2350.5,"{t3|t4}|{t1|t2}"
133,0.914143,-2324.13,-13.9343,-2338.06,"{t1|t2|t3}|{t4}"
134,0.943711,-2447.45,-13.9257,-2461.37,"{t2|t3|t4}|{t1}"
135,0.991411,-2336.59,-13.9284,-2350.52,"{t3|t4}|{t1|t2}"
136,0.488984,-2191.48,-13.9311,-2205.41,"{t1|t2|t4}|{t3}"
137,0.981115,-2324.31,-13.9364,-2338.25,"{t1|t2|t3}|{t4}"
138,0.926898,-2447.17,-13.926,-2461.09,"{t2|t3|t4}|{t1}"
139,0.54727,-2189.03,-13.9225,-2202.95,"{t1|t2|t4}|{t3}"
140,0.575819,-2188.77,-13.9242,-2202.69,"{t1|t2|t4}|{t3}"
141,1.00171,-2447.04,-13.935,-2460.97,"{t2|t3|t4}|{t1}"
142,0.896736,-2322.91,-13.9273,-2336.84,"{t1|t2|t3}|{t4}"
143,0.932571,-2448.21,-13.9323,-2462.15,"{t2|t3|t4}|{t1}"
144,0.868525,-2323.42,-13.9201,-2337.34,"{t1|t2|t3}|{t4}"
145,0.608666,-2188.8,-13.9362,-2202.73,"{t1|t2|t4}|{t3}"
146,0.604762,-2193.85,-13.9342,-2207.79,"{t1|t2|t4}|{t3}"
147,1.00697,-2555.68,-13.917,-2569.6,"{t1|t3|t4}|{t2}"
148,1.18257,-2549.54,-13.9369,-2563.48,"{t1|t3|t4}|{t2}"
149,1.0535,-2449.44,-13.9424,-2463.38,"{t2|t3|t4}|{t1}"
150,0.923922,-2322.87,-13.9279,-2336.8,"{t1|t2|t3}|{t4}"
151,0.944566,-2337.19,-13.9251,-2351.12,"{t3|t4}|{t1|t2}"
152,0.547825,-2189.84,-13.9212,-2203.76,"{t1|t2|t4}|{t3}"
153,1.18217,-2550.2,-13.9341,-2564.14,"{t1|t3|t4}|{t2}"
154,1.15475,-2549.53,-13.9332,-2563.46,"{t1|t3|t4}|{t2}"
155,1.00237,-2449.8,-13.9385,-2463.74,"{t2|t3|t4}|{t1}"
156,1.17599,-2339.76,-13.9459,-2353.7,"{t3|t4}|{t1|t2}"
157,1.03164,-2336.25,-13.9312,-2350.18,"{t3|t4}|{t1|t2}"
158,0.962424,-2336.73,-13.9205,-2350.65,"{t3|t4}|{t1|t2}"
159,0.950488,-2322.51,-13.9295,-2336.44,"{t1|t2|t3}|{t4}"
160,0.483721,-2191.77,-13.9267,-2205.69,"{t1|t2|t4}|{t3}"
161,1.12282,-2337.44,-13.9397,-2351.38,"{t3|t4}|{t1|t2}"
162,0.992348,-2336.25,-13.9335,-2350.19,"{t3|t4}|{t1|t2}"
163,0.972818,-2336.29,-13.9289,-2350.22,"{t3|t4}|{t1|t2}"
164,1.04383,-2336.85,-13.9298,-2350.78,"{t3|t4}|{t1|t2}"
165,1.17605,-2549.78,-13.9345,-2563.72,"{t1|t3|t4}|{t2}"
166,1.10757,-2550.76,-13.9281,-2564.69,"{t1|t3|t4}|{t2}"
167,1.07355,-2336.9,-13.9338,-2350.83,"{t3|t4}|{t1|t2}"
168,1.12928,-2551.58,-13.9304,-2565.51,"{t1|t3|t4}|{t2}"
169,1.09149,-2554.13,-13.9264,-2568.06,"{t1|t3|t4}|{t2}"
170,0.623641,-2188.97,-13.9251,-2202.89,"{t1|t2|t4}|{t3}"
171,1.0544,-2336.63,-13.9315,-2350.56,"{t3|t4}|{t1|t2}"
172,0.900235,-2449,-13.9209,-2462.92,"{t2|t3|t4}|{t1}"
173,0.602419,-2188.56,-13.9345,-2202.5,"{t1|t2|t4}|{t3}"
174,0.523785,-2189.24,-13.9242,-2203.17,"{t1|t2|t4}|{t3}"
175,0.936746,-2322.57,-13.9321,-2336.5,"{t1|t2|t3}|{t4}"
176,0.958859,-2336.52,-13.928,-2350.45,"{t3|t4}|{t1|t2}"
177,0.883404,-2448.19,-13.9256,-2462.12,"{t2|t3|t4}|{t1}"
178,1.0095,-2336.17,-13.9346,-2350.11,"{t3|t4}|{t1|t2}"
179,0.81451,-2325.41,-13.9302,-2339.34,"{t1|t2|t3}|{t4}"
180,0.89538,-2324.28,-13.9228,-2338.2,"{t1|t2|t3}|{t4}"
181,1.08232,-2336.78,-13.9317,-2350.71,"{t3|t4}|{t1|t2}"
182,0.549144,-2188.83,-13.9229,-2202.76,"{t1|t2|t4}|{t3}"
183,0.96286,-2323.34,-13.9358,-2337.27,"{t1|t2|t3}|{t4}"
184,0.881357,-2448.26,-13.922,-2462.18,"{t2|t3|t4}|{t1}"
185,1.12952,-2550.65,-13.9287,-2564.58,"{t1|t3|t4}|{t2}"
186,0.997562,-2449.76,-13.9333,-2463.7,"{t2|t3|t4}|{t1}"
187,0.581209,-2188.32,-13.93,-2202.25,"{t1|t2|t4}|{t3}"
188,1.03373,-2447.64,-13.9364,-2461.58,"{t2|t3|t4}|{t1}"
189,1.07178,-2550.65,-13.9231,-2564.57,"{t1|t3|t4}|{t2}"
190,1.16345,-2550.59,-13.9339,-2564.52,"{t1|t3|t4}|{t2}"
191,0.866816,-2338.78,-13.9166,-2352.69,"{t3|t4}|{t1|t2}"
192,0.606368,-2188.62,-13.9433,-2202.56,"{t1|t2|t4}|{t3}"
193,1.12265,-2337.52,-13.9316,-2351.45,"{t3|t4}|{t1|t2}"
194,0.899435,-2448.8,-13.923,-2462.72,"{t2|t3|t4}|{t1}"
195,1.16273,-2549.97,-13.9328,-2563.91,"{t1|t3|t4}|{t2}"
196,0.906113,-2324,-13.9244,-2337.93,"{t1|t2|t3}|{t4}"
197,1.01629,-2336.68,-13.9291,-2350.61,"{t3|t4}|{t1|t2}"
198,0.871571,-2338.53,-13.9169,-2352.44,"{t3|t4}|{t1|t2}"
199,0.931435,-2323.16,-13.9357,-2337.1,"{t1|t2|t3}|{t4}"
200,1.13278,-2549.75,-13.9314,-2563.68,"{t1|t3|t4}|{t2}"
201,0.925836,-2447.29,-13.9297,-2461.22,"{t2|t3|t4}|{t1}"
202,0.834635,-2450.73,-13.9166,-2464.64,"{t2|t3|t4}|{t1}"
203,0.965314,-2323.08,-13.9299,-2337.01,"{t1|t2|t3}|{t4}"
204,0.62403,-2188.95,-13.9423,-2202.89,"{t1|t2|t4}|{t3}"
205,0.909349,-2337.58,-13.9163,-2351.5,"{t3|t4}|{t1|t2}"
206,1.21096,-2550.17,-13.9391,-2564.11,"{t1|t3|t4}|{t2}"
207,1.01865,-2447.19,-13.9364,-2461.13,"{t2|t3|t4}|{t1}"
208,0.599981,-2189.09,-13.9306,-2203.02,"{t1|t2|t4}|{t3}"
209,0.999049,-2338.35,-13.93,-2352.28,"{t3|t4}|{t1|t2}"
210,0.987477,-2336.95,-13.9278,-2350.88,"{t3|t4}|{t1|t2}"
211,0.950279,-2447.1,-13.9289,-2461.02,"{t2|t3|t4}|{t1}"
212,0.972148,-2323.38,-13.933,-2337.31,"{t1|t2|t3}|{t4}"
213,1.03256,-2552.11,-13.9213,-2566.03,"{t1|t3|t4}|{t2}"
214,0.568254,-2188.57,-13.9292,-2202.5,"{t1|t2|t4}|{t3}"
215,0.577113,-2189.1,-13.9415,-2203.04,"{t1|t2|t4}|{t3}"
216,0.919728,-2338.3,-13.9244,-2352.23,"{t3|t4}|{t1|t2}"
217,0.993075,-2447.3,-13.9337,-2461.23,"{t2|t3|t4}|{t1}"
218,0.543318,-2189.29,-13.9226,-2203.21,"{t1|t2|t4}|{t3}"
219,0.932689,-2324.98,-13.9382,-2338.91,"{t1|t2|t3}|{t4}"
220,0.934355,-2322.52,-13.9313,-2336.45,"{t1|t2|t3}|{t4}"
221,0.918562,-2447.26,-13.9317,-2461.19,"{t2|t3|t4}|{t1}"
222,1.01578,-2323.97,-13.9335,-2337.9,"{t1|t2|t3}|{t4}"
223,0.991459,-2336.52,-13.9235,-2350.44,"{t3|t4}|{t1|t2}"
224,0.546856,-2189.18,-13.9261,-2203.1,"{t1|t2|t4}|{t3}"
225,0.931405,-2323.03,-13.929,-2336.96,"{t1|t2|t3}|{t4}"
226,0.909284,-2337.53,-13.9186,-2351.45,"{t3|t4}|{t1|t2}"
227,0.977859,-2448.37,-13.9308,-2462.3,"{t2|t3|t4}|{t1}"
228,0.887057,-2323.21,-13.9272,-2337.14,"{t1|t2|t3}|{t4}"
229,1.04267,-2551.66,-13.9261,-2565.58,"{t1|t3|t4}|{t2}"
230,0.994451,-2336.17,-13.9266,-2350.1,"{t3|t4}|{t1|t2}"
231,1.08019,-2448.37,-13.9418,-2462.31,"{t2|t3|t4}|{t1}"
232,0.980073,-2336.24,-13.9261,-2350.17,"{t3|t4}|{t1|t2}"
233,1.1694,-2550.57,-13.9328,-2564.5,"{t1|t3|t4}|{t2}"
234,0.558556,-2190.98,-13.935,-2204.91,"{t1|t2|t4}|{t3}"
235,0.928311,-2322.8,-13.9311,-2336.73,"{t1|t2|t3}|{t4}"
236,1.08446,-2337.12,-13.9292,-2351.05,"{t3|t4}|{t1|t2}"
237,0.932115,-2447.07,-13.9271,-2461,"{t2|t3|t4}|{t1}"
238,0.860737,-2324.04,-13.9251,-2337.97,"{t1|t2|t3}|{t4}"
239,1.03194,-2324.14,-13.9403,-2338.08,"{t1|t2|t3}|{t4}"
240,0.966743,-2322.64,-13.9325,-2336.57,"{t1|t2|t3}|{t4}"
241,1.00123,-2553.22,-13.9185,-2567.14,"{t1|t3|t4}|{t2}"
242,0.900957,-2324.36,-13.9249,-2338.29,"{t1|t2|t3}|{t4}"
243,0.9498,-2323.82,-13.9346,-2337.75,"{t1|t2|t3}|{t4}"
244,1.00359,-2322.94,-13.9403,-2336.88,"{t1|t2|t3}|{t4}"
245,1.01631,-2451.7,-13.9354,-2465.63,"{t2|t3|t4}|{t1}"
246,1.04625,-2552.18,-13.9227,-2566.11,"{t1|t3|t4}|{t2}"
247,0.888852,-2322.82,-13.9255,-2336.75,"{t1|t2|t3}|{t4}"
248,0.520538,-2189.26,-13.9289,-2203.19,"{t1|t2|t4}|{t3}"
249,1.14101,-2549.72,-13.9305,-2563.65,"{t1|t3|t4}|{t2}"
250,0.963599,-2448.52,-13.9346,-2462.46,"{t2|t3|t4}|{t1}"
251,1.16205,-2549.53,-13.9332,-2563.46,"{t1|t3|t4}|{t2}"
252,0.97018,-2447.07,-13.93,-2461,"{t2|t3|t4}|{t1}"
253,0.622628,-2190.09,-13.9305,-2204.02,"{t1|t2|t4}|{t3}"
254,0.52601,-2189.7,-13.9244,-2203.62,"{t1|t2|t4}|{t3}"
255,1.17507,-2550.7,-13.9352,-2564.64,"{t1|t3|t4}|{t2}"
256,0.900786,-2324.45,-13.9276,-2338.37,"{t1|t2|t3}|{t4}"
257,1.1425,-2550.84,-13.9313,-2564.77,"{t1|t3|t4}|{t2}"
258,1.15627,-2551.53,-13.9328,-2565.47,"{t1|t3|t4}|{t2}"
259,0.984772,-2322.53,-13.931,-2336.47,"{t1|t2|t3}|{t4}"
260,0.987326,-2448.24,-13.9382,-2462.18,"{t2|t3|t4}|{t1}"
261,1.17465,-2451.49,-13.9477,-2465.44,"{t2|t3|t4}|{t1}"
262,0.500199,-2191.09,-13.9293,-2205.01,"{t1|t2|t4}|{t3}"
263,1.06188,-2448.87,-13.9425,-2462.81,"{t2|t3|t4}|{t1}"
264,0.919399,-2447.24,-13.9277,-2461.17,"{t2|t3|t4}|{t1}"
265,1.16714,-2549.44,-13.9328,-2563.37,"{t1|t3|t4}|{t2}"
266,0.942402,-2322.67,-13.9301,-2336.6,"{t1|t2|t3}|{t4}"
267,0.627048,-2190.98,-13.9392,-2204.92,"{t1|t2|t4}|{t3}"
268,0.576927,-2188.69,-13.9339,-2202.62,"{t1|t2|t4}|{t3}"
269,1.19386,-2550.06,-13.9362,-2563.99,"{t1|t3|t4}|{t2}"
270,1.07162,-2550.69,-13.9231,-2564.61,"{t1|t3|t4}|{t2}"
271,1.07713,-2337.22,-13.9322,-2351.15,"{t3|t4}|{t1|t2}"
272,0.621954,-2189.9,-13.9302,-2203.83,"{t1|t2|t4}|{t3}"
273,0.956498,-2336.53,-13.9269,-2350.46,"{t3|t4}|{t1|t2}"
274,1.02894,-2556.41,-13.9205,-2570.33,"{t1|t3|t4}|{t2}"
275,0.966553,-2447.46,-13.9293,-2461.39,"{t2|t3|t4}|{t1}"
276,0.551537,-2188.9,-13.9297,-2202.83,"{t1|t2|t4}|{t3}"
277,0.87355,-2338.56,-13.9182,-2352.48,"{t3|t4}|{t1|t2}"
278,1.05602,-2336.47,-13.9329,-2350.4,"{t3|t4}|{t1|t2}"
279,0.975943,-2447.99,-13.9291,-2461.92,"{t2|t3|t4}|{t1}"
280,1.07048,-2448,-13.9398,-2461.94,"{t2|t3|t4}|{t1}"
281,0.910574,-2449.78,-13.9295,-2463.71,"{t2|t3|t4}|{t1}"
282,0.816226,-2324.73,-13.9169,-2338.64,"{t1|t2|t3}|{t4}"
283,1.10947,-2551.16,-13.9279,-2565.09,"{t1|t3|t4}|{t2}"
284,0.887444,-2322.89,-13.9306,-2336.82,"{t1|t2|t3}|{t4}"
285,0.841574,-2326.01,-13.9181,-2339.92,"{t1|t2|t3}|{t4}"
286,0.953217,-2323.46,-13.9335,-2337.4,"{t1|t2|t3}|{t4}"
287,0.528206,-2189.06,-13.924,-2202.99,"{t1|t2|t4}|{t3}"
288,0.824027,-2324.68,-13.9301,-2338.61,"{t1|t2|t3}|{t4}"
289,0.553156,-2190.68,-13.9341,-2204.61,"{t1|t2|t4}|{t3}"
290,0.902844,-2323.73,-13.9244,-2337.66,"{t1|t2|t3}|{t4}"
291,0.9976,-2336.16,-13.9285,-2350.08,"{t3|t4}|{t1|t2}"
292,1.13781,-2549.78,-13.9302,-2563.71,"{t1|t3|t4}|{t2}"
293,1.00113,-2336.18,-13.9297,-2350.11,"{t3|t4}|{t1|t2}"
294,0.909623,-2337.44,-13.9293,-2351.37,"{t3|t4}|{t1|t2}"
295,0.905299,-2325.3,-13.9246,-2339.23,"{t1|t2|t3}|{t4}"
296,0.893971,-2447.95,-13.9278,-2461.88,"{t2|t3|t4}|{t1}"
297,1.03115,-2336.3,-13.934,-2350.23,"{t3|t4}|{t1|t2}"
298,1.11318,-2325.53,-13.9448,-2339.47,"{t1|t2|t3}|{t4}"
299,0.82184,-2325.77,-13.9184,-2339.68,"{t1|t2|t3}|{t4}"
300,0.867135,-2324.57,-13.9309,-2338.5,"{t1|t2|t3}|{t4}"
301,1.11599,-2551.67,-13.9294,-2565.6,"{t1|t3|t4}|{t2}"
302,0.551358,-2190.91,-13.916,-2204.83,"{t1|t2|t4}|{t3}"
303,1.14052,-2549.48,-13.9307,-2563.41,"{t1|t3|t4}|{t2}"
304,0.981441,-2449.61,-13.9291,-2463.54,"{t2|t3|t4}|{t1}"
305,1.06437,-2552.07,-13.926,-2566,"{t1|t3|t4}|{t2}"
306,1.13534,-2550.05,-13.9305,-2563.98,"{t1|t3|t4}|{t2}"
307,0.872871,-2326.37,-13.9283,-2340.3,"{t1|t2|t3}|{t4}"
308,1.10081,-2550.63,-13.9265,-2564.56,"{t1|t3|t4}|{t2}"
309,0.943475,-2322.75,-13.9367,-2336.69,"{t1|t2|t3}|{t4}"
310,0.968361,-2336.72,-13.9277,-2350.65,"{t3|t4}|{t1|t2}"
311,0.922992,-2325.32,-13.9312,-2339.25,"{t1|t2|t3}|{t4}"
312,0.896718,-2323.07,-13.9257,-2337,"{t1|t2|t3}|{t4}"
313,0.548783,-2188.59,-13.9267,-2202.52,"{t1|t2|t4}|{t3}"
314,0.955627,-2448.46,-13.9291,-2462.39,"{t2|t3|t4}|{t1}"
315,1.04603,-2551.68,-13.922,-2565.6,"{t1|t3|t4}|{t2}"
316,0.583868,-2188.72,-13.9301,-2202.65,"{t1|t2|t4}|{t3}"
317,0.978212,-2323.02,-13.9303,-2336.95,"{t1|t2|t3}|{t4}"
318,0.507857,-2189.93,-13.9248,-2203.86,"{t1|t2|t4}|{t3}"
319,1.01899,-2337.77,-13.9343,-2351.7,"{t3|t4}|{t1|t2}"
320,1.1962,-2550.91,-13.9357,-2564.85,"{t1|t3|t4}|{t2}"
321,1.1803,-2549.9,-13.9373,-2563.84,"{t1|t3|t4}|{t2}"
322,1.01553,-2447.52,-13.933,-2461.45,"{t2|t3|t4}|{t1}"
323,1.17858,-2549.42,-13.9361,-2563.36,"{t1|t3|t4}|{t2}"
324,0.991839,-2336.82,-13.9296,-2350.75,"{t3|t4}|{t1|t2}"
325,0.586768,-2189.96,-13.9274,-2203.88,"{t1|t2|t4}|{t3}"
326,0.511833,-2189.84,-13.9179,-2203.76,"{t1|t2|t4}|{t3}"
327,0.563379,-2190.54,-13.9287,-2204.47,"{t1|t2|t4}|{t3}"
328,0.848639,-2323.77,-13.9221,-2337.69,"{t1|t2|t3}|{t4}"
329,0.943312,-2336.66,-13.9268,-2350.58,"{t3|t4}|{t1|t2}"
330,0.900951,-2323.3,-13.9261,-2337.23,"{t1|t2|t3}|{t4}"
331,0.993173,-2336.19,-13.9266,-2350.12,"{t3|t4}|{t1|t2}"
332,0.92388,-2323.09,-13.9297,-2337.02,"{t1|t2|t3}|{t4}"
333,0.796662,-2326.08,-13.9213,-2340,"{t1|t2|t3}|{t4}"
334,0.984757,-2448.53,-13.9372,-2462.47,"{t2|t3|t4}|{t1}"
335,0.526749,-2192.03,-13.9227,-2205.95,"{t1|t2|t4}|{t3}"
336,0.975993,-2336.56,-13.9272,-2350.49,"{t3|t4}|{t1|t2}"
337,0.995402,-2336.92,-13.9333,-2350.85,"{t3|t4}|{t1|t2}"
338,0.921648,-2447.23,-13.9243,-2461.15,"{t2|t3|t4}|{t1}"
339,0.944957,-2448.01,-13.9284,-2461.94,"{t2|t3|t4}|{t1}"
340,0.996553,-2557.35,-13.9189,-2571.27,"{t1|t3|t4}|{t2}"
341,0.907745,-2447.44,-13.9254,-2461.37,"{t2|t3|t4}|{t1}"
342,0.630343,-2189.09,-13.9385,-2203.03,"{t1|t2|t4}|{t3}"
343,0.918676,-2323.3,-13.9252,-2337.22,"{t1|t2|t3}|{t4}"
344,0.93989,-2447.57,-13.9315,-2461.5,"{t2|t3|t4}|{t1}"
345,0.977815,-2323.24,-13.9341,-2337.18,"{t1|t2|t3}|{t4}"
346,1.11226,-2550.3,-13.9269,-2564.23,"{t1|t3|t4}|{t2}"
347,1.00422,-2448.65,-13.9335,-2462.58,"{t2|t3|t4}|{t1}"
348,0.939261,-2447.36,-13.9261,-2461.28,"{t2|t3|t4}|{t1}"
349,1.04745,-2553.04,-13.924,-2566.96,"{t1|t3|t4}|{t2}"
350,0.990693,-2336.19,-13.9268,-2350.12,"{t3|t4}|{t1|t2}"
351,0.630565,-2189.43,-13.9389,-2203.37,"{t1|t2|t4}|{t3}"
352,0.890401,-2337.85,-13.9186,-2351.77,"{t3|t4}|{t1|t2}"
353,1.00213,-2447.31,-13.9332,-2461.24,"{t2|t3|t4}|{t1}"
354,1.10631,-2551.83,-13.9281,-2565.76,"{t1|t3|t4}|{t2}"
355,0.924575,-2322.75,-13.9284,-2336.68,"{t1|t2|t3}|{t4}"
356,0.907811,-2323.74,-13.9242,-2337.66,"{t1|t2|t3}|{t4}"
357,0.955927,-2338.25,-13.9291,-2352.18,"{t3|t4}|{t1|t2}"
358,1.15237,-2550.79,-13.9315,-2564.72,"{t1|t3|t4}|{t2}"
359,1.19449,-2552.67,-13.9377,-2566.61,"{t1|t3|t4}|{t2}"
360,1.01414,-2336.2,-13.9283,-2350.12,"{t3|t4}|{t1|t2}"
361,0.921314,-2323.33,-13.9301,-2337.26,"{t1|t2|t3}|{t4}"
362,1.1858,-2549.74,-13.9357,-2563.67,"{t1|t3|t4}|{t2}"
363,0.970778,-2322.35,-13.9311,-2336.28,"{t1|t2|t3}|{t4}"
364,0.958999,-2336.71,-13.9216,-2350.63,"{t3|t4}|{t1|t2}"
365,0.772647,-2326.9,-13.9168,-2340.82,"{t1|t2|t3}|{t4}"
366,0.935327,-2324.22,-13.9286,-2338.14,"{t1|t2|t3}|{t4}"
367,1.11105,-2549.92,-13.9279,-2563.85,"{t1|t3|t4}|{t2}"
368,1.12091,-2550.94,-13.9291,-2564.87,"{t1|t3|t4}|{t2}"
369,0.945183,-2322.8,-13.9322,-2336.73,"{t1|t2|t3}|{t4}"
370,0.603403,-2188.76,-13.9343,-2202.69,"{t1|t2|t4}|{t3}"
371,0.868425,-2324.62,-13.9305,-2338.55,"{t1|t2|t3}|{t4}"
372,0.986306,-2323.7,-13.9328,-2337.63,"{t1|t2|t3}|{t4}"
373,0.619479,-2189.44,-13.9359,-2203.38,"{t1|t2|t4}|{t3}"
374,1.06481,-2336.98,-13.9364,-2350.91,"{t3|t4}|{t1|t2}"
375,0.983684,-2447.35,-13.9312,-2461.28,"{t2|t3|t4}|{t1}"
376,0.911748,-2448.58,-13.9258,-2462.51,"{t2|t3|t4}|{t1}"
377,0.55783,-2190.37,-13.9313,-2204.3,"{t1|t2|t4}|{t3}"
378,0.584847,-2191.71,-13.9347,-2205.65,"{t1|t2|t4}|{t3}"
379,0.951641,-2336.68,-13.9267,-2350.61,"{t3|t4}|{t1|t2}"
380,1.17865,-2549.85,-13.9358,-2563.79,"{t1|t3|t4}|{t2}"
381,1.014,-2554.5,-13.9192,-2568.42,"{t1|t3|t4}|{t2}"
382,0.918084,-2325.13,-13.9306,-2339.06,"{t1|t2|t3}|{t4}"
383,0.968361,-2337.38,-13.9248,-2351.31,"{t3|t4}|{t1|t2}"
384,1.02733,-2337.58,-13.93,-2351.51,"{t3|t4}|{t1|t2}"
385,0.905695,-2448.91,-13.9211,-2462.83,"{t2|t3|t4}|{t1}"
386,1.03028,-2336.19,-13.9287,-2350.12,"{t3|t4}|{t1|t2}"
387,0.992874,-2336.3,-13.9299,-2350.23,"{t3|t4}|{t1|t2}"
388,0.489753,-2190.81,-13.9216,-2204.74,"{t1|t2|t4}|{t3}"
389,0.845166,-2323.41,-13.9282,-2337.34,"{t1|t2|t3}|{t4}"
390,0.575027,-2188.74,-13.9366,-2202.68,"{t1|t2|t4}|{t3}"
391,1.0091,-2336.4,-13.9291,-2350.33,"{t3|t4}|{t1|t2}"
392,0.779881,-2326.63,-13.9182,-2340.55,"{t1|t2|t3}|{t4}"
393,0.992307,-2447.09,-13.9367,-2461.02,"{t2|t3|t4}|{t1}"
394,1.11305,-2550.54,-13.9304,-2564.47,"{t1|t3|t4}|{t2}"
395,1.07579,-2337.06,-13.9339,-2351,"{t3|t4}|{t1|t2}"
396,0.887138,-2339.85,-13.9208,-2353.77,"{t3|t4}|{t1|t2}"
397,0.945791,-2336.8,-13.9289,-2350.73,"{t3|t4}|{t1|t2}"
398,0.557688,-2189.89,-13.927,-2203.81,"{t1|t2|t4}|{t3}"
399,1.2012,-2551.07,-13.9367,-2565.01,"{t1|t3|t4}|{t2}"
400,0.503031,-2190.73,-13.9307,-2204.66,"{t1|t2|t4}|{t3}"
401,0.534877,-2188.96,-13.9317,-2202.89,"{t1|t2|t4}|{t3}"
402,1.0335,-2447.57,-13.9373,-2461.51,"{t2|t3|t4}|{t1}"
403,1.00748,-2552.99,-13.9183,-2566.91,"{t1|t3|t4}|{t2}"
404,0.547136,-2188.82,-13.9235,-2202.75,"{t1|t2|t4}|{t3}"
405,0.923001,-2323.37,-13.929,-2337.3,"{t1|t2|t3}|{t4}"
406,1.03909,-2336.34,-13.9348,-2350.27,"{t3|t4}|{t1|t2}"
407,0.515107,-2189.92,-13.9336,-2203.85,"{t1|t2|t4}|{t3}"
408,1.09726,-2552.37,-13.9267,-2566.3,"{t1|t3|t4}|{t2}"
409,1.24931,-2551.46,-13.9417,-2565.41,"{t1|t3|t4}|{t2}"
410,0.930695,-2448.51,-13.924,-2462.44,"{t2|t3|t4}|{t1}"
411,0.853877,-2323.65,-13.9267,-2337.57,"{t1|t2|t3}|{t4}"
412,1.02812,-2336.27,-13.9257,-2350.19,"{t3|t4}|{t1|t2}"
413,0.907587,-2324.01,-13.9243,-2337.93,"{t1|t2|t3}|{t4}"
414,0.902287,-2447.53,-13.921,-2461.45,"{t2|t3|t4}|{t1}"
415,0.954145,-2447.33,-13.9249,-2461.26,"{t2|t3|t4}|{t1}"
416,0.574083,-2190.6,-13.9369,-2204.54,"{t1|t2|t4}|{t3}"
417,0.531843,-2190.77,-13.919,-2204.69,"{t1|t2|t4}|{t3}"
418,0.476436,-2191.67,-13.9255,-2205.6,"{t1|t2|t4}|{t3}"
419,1.0957,-2554.19,-13.9262,-2568.12,"{t1|t3|t4}|{t2}"
420,1.17141,-2549.58,-13.9342,-2563.52,"{t1|t3|t4}|{t2}"
421,0.926496,-2337.48,-13.9194,-2351.4,"{t3|t4}|{t1|t2}"
422,0.553464,-2188.69,-13.9276,-2202.62,"{t1|t2|t4}|{t3}"
423,0.814573,-2325.84,-13.9228,-2339.77,"{t1|t2|t3}|{t4}"
424,0.903381,-2324.13,-13.9305,-2338.06,"{t1|t2|t3}|{t4}"
425,1.14089,-2549.72,-13.9315,-2563.65,"{t1|t3|t4}|{t2}"
426,0.9034,-2324.76,-13.9254,-2338.69,"{t1|t2|t3}|{t4}"
427,0.909152,-2324.41,-13.9276,-2338.34,"{t1|t2|t3}|{t4}"
428,0.861991,-2324.04,-13.9286,-2337.97,"{t1|t2|t3}|{t4}"
429,0.961312,-2336.39,-13.9276,-2350.32,"{t3|t4}|{t1|t2}"
430,0.94474,-2448.38,-13.931,-2462.31,"{t2|t3|t4}|{t1}"
431,0.87052,-2322.84,-13.9264,-2336.76,"{t1|t2|t3}|{t4}"
432,0.730024,-2329.51,-13.9103,-2343.42,"{t1|t2|t3}|{t4}"
433,0.938132,-2449,-13.9271,-2462.92,"{t2|t3|t4}|{t1}"
434,0.555289,-2188.43,-13.9238,-2202.35,"{t1|t2|t4}|{t3}"
435,0.554173,-2189.79,-13.9238,-2203.71,"{t1|t2|t4}|{t3}"
436,0.556081,-2188.49,-13.9203,-2202.41,"{t1|t2|t4}|{t3}"
437,1.07002,-2550.92,-13.9228,-2564.85,"{t1|t3|t4}|{t2}"
438,0.934591,-2322.69,-13.9406,-2336.63,"{t1|t2|t3}|{t4}"
439,1.02926,-2448.08,-13.9379,-2462.02,"{t2|t3|t4}|{t1}"
440,0.946225,-2323.85,-13.9294,-2337.78,"{t1|t2|t3}|{t4}"
441,1.00605,-2324.34,-13.9391,-2338.28,"{t1|t2|t3}|{t4}"
442,1.19781,-2549.81,-13.9377,-2563.75,"{t1|t3|t4}|{t2}"
443,0.957788,-2447.45,-13.9287,-2461.38,"{t2|t3|t4}|{t1}"
444,0.9586,-2322.69,-13.9316,-2336.63,"{t1|t2|t3}|{t4}"
445,0.564093,-2188.47,-13.9271,-2202.4,"{t1|t2|t4}|{t3}"
446,0.619731,-2190.18,-13.9346,-2204.11,"{t1|t2|t4}|{t3}"
447,0.911932,-2449.94,-13.9222,-2463.86,"{t2|t3|t4}|{t1}"
448,1.22119,-2552.6,-13.9387,-2566.54,"{t1|t3|t4}|{t2}"
449,1.13007,-2551.31,-13.9294,-2565.23,"{t1|t3|t4}|{t2}"
450,0.540335,-2188.75,-13.9295,-2202.68,"{t1|t2|t4}|{t3}"
451,1.11362,-2549.83,-13.9292,-2563.76,"{t1|t3|t4}|{t2}"
452,1.01401,-2447.08,-13.9343,-2461.02,"{t2|t3|t4}|{t1}"
453,0.535014,-2190.57,-13.9273,-2204.5,"{t1|t2|t4}|{t3}"
454,0.484331,-2194.8,-13.9213,-2208.72,"{t1|t2|t4}|{t3}"
455,1.09097,-2551.55,-13.9251,-2565.48,"{t1|t3|t4}|{t2}"
456,0.519394,-2189.64,-13.9315,-2203.57,"{t1|t2|t4}|{t3}"
457,0.900152,-2323.22,-13.9281,-2337.15,"{t1|t2|t3}|{t4}"
458,0.648533,-2189.77,-13.9319,-2203.7,"{t1|t2|t4}|{t3}"
459,0.525809,-2189.43,-13.9219,-2203.35,"{t1|t2|t4}|{t3}"
460,0.86063,-2450.11,-13.9212,-2464.03,"{t2|t3|t4}|{t1}"
461,0.871864,-2448.62,-13.9233,-2462.55,"{t2|t3|t4}|{t1}"
462,0.862153,-2448.79,-13.923,-2462.71,"{t2|t3|t4}|{t1}"
463,1.06307,-2551.09,-13.9219,-2565.02,"{t1|t3|t4}|{t2}"
464,1.01805,-2336.46,-13.9336,-2350.4,"{t3|t4}|{t1|t2}"
465,0.899668,-2447.58,-13.923,-2461.5,"{t2|t3|t4}|{t1}"
466,0.945091,-2556.09,-13.9127,-2570,"{t1|t3|t4}|{t2}"
467,0.856086,-2324,-13.9246,-2337.92,"{t1|t2|t3}|{t4}"
468,0.93486,-2447.53,-13.9267,-2461.46,"{t2|t3|t4}|{t1}"
469,0.558723,-2188.91,-13.9356,-2202.84,"{t1|t2|t4}|{t3}"
470,0.882962,-2448.9,-13.9223,-2462.83,"{t2|t3|t4}|{t1}"
471,1.0077,-2553.38,-13.9196,-2567.3,"{t1|t3|t4}|{t2}"
472,0.946047,-2322.12,-13.9318,-2336.05,"{t1|t2|t3}|{t4}"
473,0.591927,-2188.63,-13.9192,-2202.55,"{t1|t2|t4}|{t3}"
474,0.999439,-2446.96,-13.9355,-2460.9,"{t2|t3|t4}|{t1}"
475,1.07978,-2550.61,-13.925,-2564.53,"{t1|t3|t4}|{t2}"
476,0.870409,-2448.67,-13.923,-2462.59,"{t2|t3|t4}|{t1}"
477,0.981545,-2557.02,-13.9169,-2570.94,"{t1|t3|t4}|{t2}"
478,0.609166,-2189.25,-13.9215,-2203.17,"{t1|t2|t4}|{t3}"
479,0.515475,-2192.59,-13.9359,-2206.53,"{t1|t2|t4}|{t3}"
480,1.06959,-2551.21,-13.9239,-2565.14,"{t1|t3|t4}|{t2}"
481,1.10657,-2553.34,-13.9283,-2567.27,"{t1|t3|t4}|{t2}"
482,0.530711,-2190.11,-13.9259,-2204.03,"{t1|t2|t4}|{t3}"
483,0.624429,-2188.8,-13.9297,-2202.73,"{t1|t2|t4}|{t3}"
484,0.909365,-2448.57,-13.9225,-2462.49,"{t2|t3|t4}|{t1}"
485,0.943947,-2448.6,-13.9317,-2462.53,"{t2|t3|t4}|{t1}"
486,1.07493,-2324.46,-13.9445,-2338.4,"{t1|t2|t3}|{t4}"
487,0.957848,-2324,-13.9291,-2337.93,"{t1|t2|t3}|{t4}"
488,0.949272,-2336.99,-13.922,-2350.91,"{t3|t4}|{t1|t2}"
489,0.884094,-2451.04,-13.9205,-2464.96,"{t2|t3|t4}|{t1}"
490,0.872687,-2338.94,-13.9225,-2352.87,"{t3|t4}|{t1|t2}"
491,0.878433,-2323.12,-13.9315,-2337.05,"{t1|t2|t3}|{t4}"
492,0.899399,-2323.72,-13.9211,-2337.64,"{t1|t2|t3}|{t4}"
493,0.847179,-2323.88,-13.9203,-2337.8,"{t1|t2|t3}|{t4}"
494,0.931652,-2447.59,-13.9291,-2461.52,"{t2|t3|t4}|{t1}"
495,0.868555,-2325.76,-13.92,-2339.68,"{t1|t2|t3}|{t4}"
496,1.00627,-2336.19,-13.9298,-2350.12,"{t3|t4}|{t1|t2}"
497,1.0458,-2551.91,-13.9227,-2565.83,"{t1|t3|t4}|{t2}"
498,0.603196,-2188.4,-13.9338,-2202.33,"{t1|t2|t4}|{t3}"
499,0.960658,-2447.8,-13.932,-2461.73,"{t2|t3|t4}|{t1}"
500,0.882452,-2323.04,-13.9204,-2336.96,"{t1|t2|t3}|{t4}"
501,0.513934,-2191.19,-13.9212,-2205.11,"{t1|t2|t4}|{t3}"
502,0.528656,-2188.98,-13.9243,-2202.9,"{t1|t2|t4}|{t3}"
503,0.949214,-2338.4,-13.9216,-2352.32,"{t3|t4}|{t1|t2}"
504,1.13039,-2552.43,-13.9316,-2566.36,"{t1|t3|t4}|{t2}"
505,1.08245,-2551.64,-13.9261,-2565.56,"{t1|t3|t4}|{t2}"
506,0.593789,-2188.57,-13.9277,-2202.5,"{t1|t2|t4}|{t3}"
507,0.862267,-2323.52,-13.9281,-2337.45,"{t1|t2|t3}|{t4}"
508,0.955036,-2336.49,-13.9254,-2350.41,"{t3|t4}|{t1|t2}"
509,0.914591,-2323.13,-13.9273,-2337.06,"{t1|t2|t3}|{t4}"
510,0.514079,-2190.06,-13.9238,-2203.98,"{t1|t2|t4}|{t3}"
511,1.06548,-2551.23,-13.923,-2565.15,"{t1|t3|t4}|{t2}"
512,0.875538,-2450.58,-13.9238,-2464.51,"{t2|t3|t4}|{t1}"
513,0.925719,-2447.25,-13.9259,-2461.18,"{t2|t3|t4}|{t1}"
514,0.889171,-2338.05,-13.9203,-2351.97,"{t3|t4}|{t1|t2}"
515,1.06833,-2550.76,-13.9241,-2564.69,"{t1|t3|t4}|{t2}"
516,1.12076,-2551.22,-13.9296,-2565.15,"{t1|t3|t4}|{t2}"
517,1.01375,-2336.2,-13.9289,-2350.13,"{t3|t4}|{t1|t2}"
518,0.969937,-2447.06,-13.932,-2460.99,"{t2|t3|t4}|{t1}"
519,0.931061,-2336.92,-13.9264,-2350.85,"{t3|t4}|{t1|t2}"
520,1.14015,-2338.56,-13.9365,-2352.5,"{t3|t4}|{t1|t2}"
521,0.929511,-2322.97,-13.9337,-2336.91,"{t1|t2|t3}|{t4}"
522,0.612205,-2188.96,-13.9389,-2202.9,"{t1|t2|t4}|{t3}"
523,0.866959,-2325.11,-13.9265,-2339.03,"{t1|t2|t3}|{t4}"
524,0.942577,-2337.15,-13.9271,-2351.08,"{t3|t4}|{t1|t2}"
525,1.20096,-2339.3,-13.9466,-2353.25,"{t3|t4}|{t1|t2}"
526,0.946081,-2336.68,-13.9347,-2350.61,"{t3|t4}|{t1|t2}"
527,0.608657,-2189.33,-13.928,-2203.25,"{t1|t2|t4}|{t3}"
528,0.538725,-2188.98,-13.932,-2202.91,"{t1|t2|t4}|{t3}"
529,0.867596,-2325.16,-13.922,-2339.08,"{t1|t2|t3}|{t4}"
530,1.12024,-2549.96,-13.9299,-2563.89,"{t1|t3|t4}|{t2}"
531,1.07449,-2550.98,-13.9238,-2564.9,"{t1|t3|t4}|{t2}"
532,0.921696,-2337.12,-13.922,-2351.05,"{t3|t4}|{t1|t2}"
533,0.889571,-2448.07,-13.9225,-2461.99,"{t2|t3|t4}|{t1}"
534,0.95512,-2446.88,-13.9344,-2460.81,"{t2|t3|t4}|{t1}"
535,1.16015,-2550.41,-13.9323,-2564.35,"{t1|t3|t4}|{t2}"
536,1.07309,-2553.04,-13.9263,-2566.97,"{t1|t3|t4}|{t2}"
537,1.14256,-2550.17,-13.9304,-2564.1,"{t1|t3|t4}|{t2}"
538,1.06777,-2449.35,-13.9393,-2463.29,"{t2|t3|t4}|{t1}"
539,0.98108,-2322.77,-13.935,-2336.71,"{t1|t2|t3}|{t4}"
540,0.931247,-2447.6,-13.9248,-2461.53,"{t2|t3|t4}|{t1}"
541,0.947694,-2446.98,-13.9294,-2460.91,"{t2|t3|t4}|{t1}"
542,1.00907,-2554.14,-13.9203,-2568.06,"{t1|t3|t4}|{t2}"
543,0.933333,-2324.53,-13.9321,-2338.47,"{t1|t2|t3}|{t4}"
544,1.08174,-2336.82,-13.9325,-2350.76,"{t3|t4}|{t1|t2}"
545,0.91234,-2447.57,-13.9234,-2461.5,"{t2|t3|t4}|{t1}"
546,0.931899,-2452.46,-13.9289,-2466.39,"{t2|t3|t4}|{t1}"
547,0.81819,-2324.56,-13.9232,-2338.49,"{t1|t2|t3}|{t4}"
548,0.487176,-2191.22,-13.9291,-2205.15,"{t1|t2|t4}|{t3}"
549,0.905826,-2447.7,-13.9261,-2461.63,"{t2|t3|t4}|{t1}"
550,1.00359,-2336.66,-13.9244,-2350.59,"{t3|t4}|{t1|t2}"
551,1.08424,-2336.7,-13.9451,-2350.64,"{t3|t4}|{t1|t2}"
552,0.889384,-2324.66,-13.9308,-2338.59,"{t1|t2|t3}|{t4}"
553,1.06863,-2551.46,-13.9267,-2565.38,"{t1|t3|t4}|{t2}"
554,0.999031,-2447.46,-13.9358,-2461.39,"{t2|t3|t4}|{t1}"
555,1.07899,-2327.31,-13.9423,-2341.25,"{t1|t2|t3}|{t4}"
556,1.11217,-2552.44,-13.928,-2566.37,"{t1|t3|t4}|{t2}"
557,1.0918,-2550.46,-13.9263,-2564.39,"{t1|t3|t4}|{t2}"
558,0.963825,-2337.42,-13.9268,-2351.35,"{t3|t4}|{t1|t2}"
559,1.00973,-2324,-13.9418,-2337.94,"{t1|t2|t3}|{t4}"
560,0.5942,-2188.73,-13.9318,-2202.66,"{t1|t2|t4}|{t3}"
561,0.573886,-2189.15,-13.9276,-2203.07,"{t1|t2|t4}|{t3}"
562,0.527578,-2189.82,-13.9186,-2203.74,"{t1|t2|t4}|{t3}"
563,1.09379,-2337.05,-13.933,-2350.99,"{t3|t4}|{t1|t2}"
564,1.00321,-2336.17,-13.9279,-2350.09,"{t3|t4}|{t1|t2}"
565,0.875061,-2448.66,-13.9195,-2462.58,"{t2|t3|t4}|{t1}"
566,1.1096,-2551.01,-13.9295,-2564.94,"{t1|t3|t4}|{t2}"
567,0.847132,-2325.91,-13.9235,-2339.83,"{t1|t2|t3}|{t4}"
568,1.1292,-2551.58,-13.9298,-2565.51,"{t1|t3|t4}|{t2}"
569,1.20538,-2549.7,-13.9383,-2563.63,"{t1|t3|t4}|{t2}"
570,0.490852,-2192.74,-13.9319,-2206.67,"{t1|t2|t4}|{t3}"
571,0.986867,-2448.27,-13.9323,-2462.2,"{t2|t3|t4}|{t1}"
572,0.790635,-2452.96,-13.9102,-2466.87,"{t2|t3|t4}|{t1}"
573,0.584331,-2188.61,-13.9296,-2202.54,"{t1|t2|t4}|{t3}"
574,0.531376,-2189,-13.9287,-2202.93,"{t1|t2|t4}|{t3}"
575,0.938634,-2322.67,-13.9299,-2336.6,"{t1|t2|t3}|{t4}"
576,0.876585,-2448.42,-13.9231,-2462.34,"{t2|t3|t4}|{t1}"
577,0.959139,-2323.08,-13.9302,-2337.01,"{t1|t2|t3}|{t4}"
578,1.15017,-2338.41,-13.9369,-2352.34,"{t3|t4}|{t1|t2}"
579,1.01683,-2325.18,-13.9403,-2339.13,"{t1|t2|t3}|{t4}"
580,0.958734,-2447.49,-13.9278,-2461.42,"{t2|t3|t4}|{t1}"
581,1.06804,-2449.09,-13.9422,-2463.03,"{t2|t3|t4}|{t1}"
582,1.00012,-2338.38,-13.9312,-2352.31,"{t3|t4}|{t1|t2}"
583,0.954376,-2322.6,-13.9321,-2336.54,"{t1|t2|t3}|{t4}"
584,0.954158,-2447.1,-13.9327,-2461.03,"{t2|t3|t4}|{t1}"
585,0.900246,-2324.77,-13.9256,-2338.69,"{t1|t2|t3}|{t4}"
586,1.02343,-2447.21,-13.9368,-2461.15,"{t2|t3|t4}|{t1}"
587,0.544224,-2189.72,-13.9256,-2203.65,"{t1|t2|t4}|{t3}"
588,1.07903,-2550.65,-13.9266,-2564.58,"{t1|t3|t4}|{t2}"
589,0.927551,-2337.22,-13.924,-2351.14,"{t3|t4}|{t1|t2}"
590,0.851032,-2324.43,-13.9323,-2338.36,"{t1|t2|t3}|{t4}"
591,0.89075,-2337.82,-13.9185,-2351.74,"{t3|t4}|{t1|t2}"
592,1.17939,-2550.14,-13.9363,-2564.07,"{t1|t3|t4}|{t2}"
593,0.989286,-2336.35,-13.9271,-2350.28,"{t3|t4}|{t1|t2}"
594,0.894398,-2323.17,-13.9336,-2337.1,"{t1|t2|t3}|{t4}"
595,1.08957,-2550.6,-13.9288,-2564.53,"{t1|t3|t4}|{t2}"
596,0.515049,-2191.46,-13.923,-2205.38,"{t1|t2|t4}|{t3}"
597,0.926965,-2323.21,-13.9331,-2337.14,"{t1|t2|t3}|{t4}"
598,0.869815,-2326.11,-13.9206,-2340.03,"{t1|t2|t3}|{t4}"
599,1.01588,-2553.62,-13.9191,-2567.54,"{t1|t3|t4}|{t2}"
600,0.474567,-2191.89,-13.9157,-2205.8,"{t1|t2|t4}|{t3}"
601,0.535772,-2189.22,-13.9279,-2203.15,"{t1|t2|t4}|{t3}"
602,0.599642,-2189.04,-13.9352,-2202.98,"{t1|t2|t4}|{t3}"
603,0.913018,-2322.86,-13.928,-2336.78,"{t1|t2|t3}|{t4}"
604,1.09256,-2337.15,-13.9349,-2351.08,"{t3|t4}|{t1|t2}"
605,1.03604,-2336.46,-13.935,-2350.39,"{t3|t4}|{t1|t2}"
606,0.950198,-2447.76,-13.9297,-2461.68,"{t2|t3|t4}|{t1}"
607,0.821244,-2324.6,-13.9233,-2338.52,"{t1|t2|t3}|{t4}"
608,0.825013,-2325.12,-13.9214,-2339.05,"{t1|t2|t3}|{t4}"
609,0.897736,-2447.81,-13.9237,-2461.73,"{t2|t3|t4}|{t1}"
610,0.881697,-2449.89,-13.9266,-2463.81,"{t2|t3|t4}|{t1}"
611,0.574345,-2192.02,-13.9307,-2205.95,"{t1|t2|t4}|{t3}"
612,1.10429,-2550.59,-13.9278,-2564.51,"{t1|t3|t4}|{t2}"
613,0.958079,-2447.63,-13.9288,-2461.56,"{t2|t3|t4}|{t1}"
614,1.06567,-2550.76,-13.9246,-2564.69,"{t1|t3|t4}|{t2}"
615,0.56456,-2190.13,-13.932,-2204.06,"{t1|t2|t4}|{t3}"
616,0.982533,-2447.05,-13.9342,-2460.98,"{t2|t3|t4}|{t1}"
617,0.643982,-2191.19,-13.9334,-2205.13,"{t1|t2|t4}|{t3}"
618,1.11057,-2552.24,-13.9285,-2566.16,"{t1|t3|t4}|{t2}"
619,1.00271,-2322.55,-13.9393,-2336.49,"{t1|t2|t3}|{t4}"
620,0.555303,-2188.97,-13.9311,-2202.91,"{t1|t2|t4}|{t3}"
621,1.0419,-2447.59,-13.9353,-2461.53,"{t2|t3|t4}|{t1}"
622,0.636356,-2191.44,-13.9325,-2205.37,"{t1|t2|t4}|{t3}"
623,0.920621,-2447.89,-13.9237,-2461.81,"{t2|t3|t4}|{t1}"
624,0.973248,-2554.41,-13.9159,-2568.33,"{t1|t3|t4}|{t2}"
625,1.16792,-2552.18,-13.933,-2566.12,"{t1|t3|t4}|{t2}"
626,0.914066,-2322.72,-13.9305,-2336.65,"{t1|t2|t3}|{t4}"
627,0.951012,-2447.45,-13.9309,-2461.38,"{t2|t3|t4}|{t1}"
628,0.84639,-2324.67,-13.9209,-2338.59,"{t1|t2|t3}|{t4}"
629,0.950977,-2448.44,-13.9303,-2462.37,"{t2|t3|t4}|{t1}"
630,0.96281,-2450.91,-13.9294,-2464.84,"{t2|t3|t4}|{t1}"
631,1.07808,-2552.24,-13.9247,-2566.16,"{t1|t3|t4}|{t2}"
632,0.925596,-2336.95,-13.923,-2350.87,"{t3|t4}|{t1|t2}"
633,0.995704,-2323.71,-13.9344,-2337.65,"{t1|t2|t3}|{t4}"
634,1.12709,-2550.87,-13.9307,-2564.8,"{t1|t3|t4}|{t2}"
635,0.918992,-2447.73,-13.9254,-2461.65,"{t2|t3|t4}|{t1}"
636,1.06642,-2551.73,-13.9228,-2565.66,"{t1|t3|t4}|{t2}"
637,0.95455,-2342.42,-13.9273,-2356.35,"{t3|t4}|{t1|t2}"
638,0.574763,-2188.81,-13.925,-2202.74,"{t1|t2|t4}|{t3}"
639,0.842525,-2324.34,-13.9234,-2338.26,"{t1|t2|t3}|{t4}"
640,0.960596,-2446.84,-13.9289,-2460.77,"{t2|t3|t4}|{t1}"
641,0.981179,-2323.5,-13.9358,-2337.44,"{t1|t2|t3}|{t4}"
642,1.01965,-2336.17,-13.9297,-2350.1,"{t3|t4}|{t1|t2}"
643,0.980771,-2338.84,-13.9274,-2352.76,"{t3|t4}|{t1|t2}"
644,1.08828,-2551.28,-13.9262,-2565.21,"{t1|t3|t4}|{t2}"
645,1.1419,-2550.31,-13.933,-2564.25,"{t1|t3|t4}|{t2}"
646,0.904687,-2325.5,-13.9317,-2339.43,"{t1|t2|t3}|{t4}"
647,0.514253,-2191.12,-13.9149,-2205.04,"{t1|t2|t4}|{t3}"
648,1.04129,-2449.84,-13.9405,-2463.78,"{t2|t3|t4}|{t1}"
649,0.950019,-2337.94,-13.9256,-2351.87,"{t3|t4}|{t1|t2}"
650,1.03895,-2448,-13.9356,-2461.93,"{t2|t3|t4}|{t1}"
651,1.13154,-2549.98,-13.9308,-2563.91,"{t1|t3|t4}|{t2}"
652,0.964909,-2322.8,-13.936,-2336.74,"{t1|t2|t3}|{t4}"
653,1.07774,-2552.15,-13.9266,-2566.08,"{t1|t3|t4}|{t2}"
654,0.838235,-2339.94,-13.9149,-2353.85,"{t3|t4}|{t1|t2}"
655,1.08149,-2336.7,-13.937,-2350.63,"{t3|t4}|{t1|t2}"
656,0.973742,-2447.1,-13.9253,-2461.02,"{t2|t3|t4}|{t1}"
657,0.858167,-2324.42,-13.9254,-2338.35,"{t1|t2|t3}|{t4}"
658,0.961726,-2336.88,-13.9225,-2350.81,"{t3|t4}|{t1|t2}"
659,0.954181,-2447.93,-13.9284,-2461.86,"{t2|t3|t4}|{t1}"
660,0.93419,-2323.82,-13.9278,-2337.75,"{t1|t2|t3}|{t4}"
661,0.53562,-2189.13,-13.9186,-2203.05,"{t1|t2|t4}|{t3}"
662,0.973805,-2336.46,-13.9264,-2350.39,"{t3|t4}|{t1|t2}"
663,0.925526,-2322.73,-13.9244,-2336.66,"{t1|t2|t3}|{t4}"
664,1.17409,-2552.39,-13.9349,-2566.32,"{t1|t3|t4}|{t2}"
665,0.83907,-2326.46,-13.923,-2340.38,"{t1|t2|t3}|{t4}"
666,0.950067,-2448.37,-13.9309,-2462.3,"{t2|t3|t4}|{t1}"
667,0.612102,-2189,-13.9416,-2202.94,"{t1|t2|t4}|{t3}"
668,0.986907,-2336.23,-13.9256,-2350.15,"{t3|t4}|{t1|t2}"
669,0.995578,-2337.37,-13.926,-2351.29,"{t3|t4}|{t1|t2}"
670,0.955997,-2323.91,-13.9337,-2337.85,"{t1|t2|t3}|{t4}"
671,0.950418,-2556.21,-13.9119,-2570.12,"{t1|t3|t4}|{t2}"
672,1.03982,-2552.34,-13.9216,-2566.26,"{t1|t3|t4}|{t2}"
673,1.10878,-2549.95,-13.9276,-2563.87,"{t1|t3|t4}|{t2}"
674,0.677926,-2192.2,-13.9311,-2206.14,"{t1|t2|t4}|{t3}"
675,1.03674,-2324.44,-13.9409,-2338.38,"{t1|t2|t3}|{t4}"
676,0.603479,-2188.7,-13.9402,-2202.64,"{t1|t2|t4}|{t3}"
677,1.07879,-2550.9,-13.9265,-2564.83,"{t1|t3|t4}|{t2}"
678,0.859567,-2450.33,-13.9238,-2464.26,"{t2|t3|t4}|{t1}"
679,0.979522,-2323.82,-13.9372,-2337.75,"{t1|t2|t3}|{t4}"
680,0.568705,-2188.64,-13.9323,-2202.57,"{t1|t2|t4}|{t3}"
681,1.03973,-2336.76,-13.928,-2350.69,"{t3|t4}|{t1|t2}"
682,0.61878,-2189.77,-13.9306,-2203.7,"{t1|t2|t4}|{t3}"
683,1.08056,-2551.54,-13.9244,-2565.47,"{t1|t3|t4}|{t2}"
684,0.555039,-2189.14,-13.9364,-2203.07,"{t1|t2|t4}|{t3}"
685,0.94452,-2336.64,-13.9227,-2350.56,"{t3|t4}|{t1|t2}"
686,0.519364,-2190.02,-13.9242,-2203.95,"{t1|t2|t4}|{t3}"
687,1.18599,-2549.44,-13.9368,-2563.38,"{t1|t3|t4}|{t2}"
688,0.865241,-2324.26,-13.9198,-2338.18,"{t1|t2|t3}|{t4}"
689,1.02308,-2323.52,-13.9414,-2337.46,"{t1|t2|t3}|{t4}"
690,0.952972,-2336.68,-13.9243,-2350.6,"{t3|t4}|{t1|t2}"
691,0.938812,-2336.82,-13.9213,-2350.75,"{t3|t4}|{t1|t2}"
692,1.0131,-2336.24,-13.9334,-2350.17,"{t3|t4}|{t1|t2}"
693,1.01686,-2336.23,-13.9304,-2350.16,"{t3|t4}|{t1|t2}"
694,0.895935,-2338.02,-13.9151,-2351.93,"{t3|t4}|{t1|t2}"
695,0.966373,-2446.86,-13.93,-2460.79,"{t2|t3|t4}|{t1}"
696,1.00022,-2336.16,-13.9272,-2350.08,"{t3|t4}|{t1|t2}"
697,0.963211,-2336.69,-13.9231,-2350.61,"{t3|t4}|{t1|t2}"
698,0.892483,-2323.25,-13.926,-2337.18,"{t1|t2|t3}|{t4}"
699,0.977717,-2446.82,-13.9327,-2460.75,"{t2|t3|t4}|{t1}"
700,1.04003,-2336.4,-13.9308,-2350.33,"{t3|t4}|{t1|t2}"
701,0.634359,-2189.12,-13.9409,-2203.06,"{t1|t2|t4}|{t3}"
702,1.05005,-2336.53,-13.9324,-2350.47,"{t3|t4}|{t1|t2}"
703,1.17331,-2549.49,-13.9342,-2563.42,"{t1|t3|t4}|{t2}"
704,1.084,-2552.79,-13.9253,-2566.72,"{t1|t3|t4}|{t2}"
705,1.03857,-2552.95,-13.9221,-2566.87,"{t1|t3|t4}|{t2}"
706,1.18573,-2549.52,-13.9372,-2563.45,"{t1|t3|t4}|{t2}"
707,1.10644,-2553.04,-13.928,-2566.96,"{t1|t3|t4}|{t2}"
708,1.0088,-2336.32,-13.937,-2350.26,"{t3|t4}|{t1|t2}"
709,0.995907,-2336.2,-13.9263,-2350.13,"{t3|t4}|{t1|t2}"
710,1.12936,-2549.85,-13.9307,-2563.79,"{t1|t3|t4}|{t2}"
711,1.03367,-2336.67,-13.9311,-2350.6,"{t3|t4}|{t1|t2}"
712,0.929416,-2337.02,-13.9235,-2350.95,"{t3|t4}|{t1|t2}"
713,0.89141,-2450.46,-13.9289,-2464.39,"{t2|t3|t4}|{t1}"
714,0.856928,-2450.03,-13.9213,-2463.96,"{t2|t3|t4}|{t1}"
715,1.10665,-2338.37,-13.9419,-2352.31,"{t3|t4}|{t1|t2}"
716,1.02591,-2336.26,-13.9318,-2350.19,"{t3|t4}|{t1|t2}"
717,0.994181,-2324.33,-13.9363,-2338.27,"{t1|t2|t3}|{t4}"
718,0.551573,-2189.48,-13.92,-2203.4,"{t1|t2|t4}|{t3}"
719,0.939005,-2448.69,-13.9253,-2462.62,"{t2|t3|t4}|{t1}"
720,1.06973,-2551.39,-13.9244,-2565.31,"{t1|t3|t4}|{t2}"
721,0.563604,-2188.34,-13.9235,-2202.26,"{t1|t2|t4}|{t3}"
722,0.914606,-2322.44,-13.9242,-2336.36,"{t1|t2|t3}|{t4}"
723,1.09029,-2550.56,-13.9269,-2564.49,"{t1|t3|t4}|{t2}"
724,0.574364,-2188.34,-13.9261,-2202.27,"{t1|t2|t4}|{t3}"
725,1.01127,-2447.07,-13.94,-2461.01,"{t2|t3|t4}|{t1}"
726,0.907076,-2449.21,-13.9251,-2463.14,"{t2|t3|t4}|{t1}"
727,0.879914,-2450.32,-13.9213,-2464.24,"{t2|t3|t4}|{t1}"
728,0.606376,-2188.66,-13.9289,-2202.59,"{t1|t2|t4}|{t3}"
729,0.544435,-2189.3,-13.9309,-2203.23,"{t1|t2|t4}|{t3}"
730,0.925113,-2337.1,-13.9215,-2351.02,"{t3|t4}|{t1|t2}"
731,1.13343,-2550.21,-13.9316,-2564.14,"{t1|t3|t4}|{t2}"
732,0.48087,-2192.37,-13.9272,-2206.3,"{t1|t2|t4}|{t3}"
733,0.574082,-2188.59,-13.9303,-2202.52,"{t1|t2|t4}|{t3}"
734,0.890972,-2447.81,-13.9241,-2461.73,"{t2|t3|t4}|{t1}"
735,1.05196,-2336.33,-13.9336,-2350.26,"{t3|t4}|{t1|t2}"
736,0.858661,-2449.15,-13.9224,-2463.08,"{t2|t3|t4}|{t1}"
737,0.54956,-2188.74,-13.9275,-2202.66,"{t1|t2|t4}|{t3}"
738,0.961165,-2330.56,-13.9355,-2344.5,"{t1|t2|t3}|{t4}"
739,1.02564,-2447.44,-13.9379,-2461.38,"{t2|t3|t4}|{t1}"
740,1.07436,-2550.63,-13.9234,-2564.56,"{t1|t3|t4}|{t2}"
741,0.610035,-2189,-13.9389,-2202.93,"{t1|t2|t4}|{t3}"
742,0.932917,-2322.72,-13.9336,-2336.65,"{t1|t2|t3}|{t4}"
743,0.842395,-2450.13,-13.9199,-2464.05,"{t2|t3|t4}|{t1}"
744,0.902973,-2325.3,-13.93,-2339.23,"{t1|t2|t3}|{t4}"
745,0.891154,-2448.41,-13.9228,-2462.33,"{t2|t3|t4}|{t1}"
746,0.947399,-2338.53,-13.9237,-2352.46,"{t3|t4}|{t1|t2}"
747,0.54675,-2190.17,-13.9329,-2204.11,"{t1|t2|t4}|{t3}"
748,0.886889,-2323.12,-13.9286,-2337.05,"{t1|t2|t3}|{t4}"
749,1.13389,-2549.81,-13.9298,-2563.74,"{t1|t3|t4}|{t2}"
750,1.09627,-2550.37,-13.9261,-2564.3,"{t1|t3|t4}|{t2}"
