index,forest_length,likelihood,prior,posterior,merged_leaves
0,0.4,-2601.35,-4.61517,-2605.96,4
1,0.581291,-2188.28,-4.65118,-2192.93,4
2,0.986998,-2336.98,-4.62066,-2341.6,4
3,0.671032,-2193.88,-4.66553,-2198.55,4
4,0.896582,-2323.45,-4.62585,-2328.08,4
5,0.83241,-2324.26,-4.63328,-2328.9,4
6,1.23971,-2551.05,-4.60641,-2555.65,4
7,0.542148,-2191.11,-4.66711,-2195.78,4
8,0.918127,-2323.94,-4.62995,-2328.57,4
9,1.0878,-2552.4,-4.60837,-2557.01,4
10,0.948162,-2323.63,-4.62855,-2328.26,4
11,1.11354,-2550.69,-4.60734,-2555.29,4
12,0.912986,-2322.77,-4.63054,-2327.4,4
13,1.1921,-2549.31,-4.60586,-2553.92,4
14,1.08584,-2550.77,-4.60654,-2555.38,4
15,1.05648,-2337.8,-4.61337,-2342.41,4
16,1.23988,-2550.49,-4.60816,-2555.1,4
17,0.534121,-2189.27,-4.65487,-2193.92,4
18,0.990772,-2447.78,-4.62379,-2452.41,4
19,0.597837,-2188.65,-4.66096,-2193.31,4
20,1.02498,-2447.19,-4.6249,-2451.82,4
21,1.06549,-2551.3,-4.60731,-2555.9,4
22,1.03919,-2336.75,-4.6186,-2341.37,4
23,1.04135,-2449.09,-4.62424,-2453.72,4
24,1.22336,-2550.71,-4.6086,-2555.31,4
25,1.01895,-2447.68,-4.62263,-2452.3,4
26,0.592754,-2189.87,-4.66409,-2194.54,4
27,1.11538,-2549.99,-4.60563,-2554.59,4
28,0.968235,-2323.3,-4.62746,-2327.93,4
29,0.928036,-2447.29,-4.63195,-2451.93,4
30,1.10495,-2337,-4.62136,-2341.63,4
31,0.654061,-2189.96,-4.66905,-2194.63,4
32,1.04392,-2448.99,-4.62321,-2453.61,4
33,0.879517,-2448.32,-4.62708,-2452.94,4
34,0.956776,-2449.31,-4.62361,-2453.93,4
35,0.923566,-2447.24,-4.62302,-2451.86,4
36,0.849507,-2323.92,-4.6301,-2328.55,4
37,0.538479,-2189.86,-4.66233,-2194.52,4
38,0.842449,-2324.46,-4.63003,-2329.09,4
39,0.961592,-2336.43,-4.62127,-2341.05,4
40,0.501551,-2192.91,-4.65897,-2197.57,4
41,0.995416,-2338.19,-4.62152,-2342.82,4
42,0.642048,-2189.99,-4.66207,-2194.66,4
43,0.577076,-2188.35,-4.65746,-2193.01,4
44,1.09149,-2550.5,-4.60776,-2555.11,4
45,0.9124,-2322.99,-4.63238,-2327.62,4
46,0.963564,-2336.38,-4.61904,-2340.99,4
47,0.994934,-2448.19,-4.62488,-2452.82,4
48,0.575854,-2188.35,-4.67071,-2193.02,4
49,0.519977,-2189.32,-4.66676,-2193.99,4
50,0.500947,-2190.46,-4.66394,-2195.12,4
51,0.507459,-2190.95,-4.65667,-2195.6,4
52,0.905481,-2324.74,-4.62529,-2329.37,4
53,0.604352,-2190.08,-4.6559,-2194.74,4
54,0.85679,-2324.31,-4.62367,-2328.93,4
55,1.03314,-2553.9,-4.60672,-2558.51,4
56,0.935121,-2322.98,-4.62893,-2327.61,4
57,0.989898,-2323.14,-4.62699,-2327.77,4
58,0.51752,-2189.52,-4.66275,-2194.18,4
59,1.15437,-2338.48,-4.61971,-2343.1,4
60,1.1259,-2325.98,-4.62839,-2330.61,4
61,0.970285,-2447.43,-4.62559,-2452.05,4
62,0.964482,-2448.42,-4.62847,-2453.05,4
63,0.949928,-2336.59,-4.62535,-2341.21,4
64,0.604008,-2189.06,-4.66287,-2193.72,4
65,0.903776,-2447.49,-4.61926,-2452.11,4
66,0.933812,-2447.86,-4.61979,-2452.48,4
67,0.915176,-2324.55,-4.628,-2329.18,4
68,0.9611,-2336.45,-4.61779,-2341.07,4
69,1.12535,-2550.62,-4.60723,-2555.23,4
70,1.04114,-2551.67,-4.60633,-2556.27,4
71,0.894341,-2322.99,-4.62351,-2327.61,4
72,1.03374,-2336.78,-4.61828,-2341.4,4
73,1.10666,-2337.35,-4.61685,-2341.97,4
74,0.520095,-2190.26,-4.65574,-2194.92,4
75,0.932044,-2447.43,-4.62307,-2452.06,4
76,0.91129,-2325.48,-4.62893,-2330.11,4
77,1.01253,-2324.93,-4.62124,-2329.55,4
78,0.962214,-2336.5,-4.62519,-2341.13,4
79,1.01684,-2336.87,-4.61843,-2341.49,4
80,0.564675,-2189.46,-4.66451,-2194.12,4
81,1.00982,-2336.52,-4.62021,-2341.14,4
82,1.10978,-2338.26,-4.61503,-2342.87,4
83,1.16085,-2550.01,-4.60585,-2554.62,4
84,1.17035,-2550.34,-4.60646,-2554.95,4
85,0.981599,-2447.65,-4.62292,-2452.27,4
86,0.881155,-2338.26,-4.61964,-2342.88,4
87,1.16302,-2551.52,-4.60897,-2556.13,4
88,0.867837,-2323.62,-4.62885,-2328.25,4
89,0.870989,-2325.71,-4.62581,-2330.33,4
90,0.960997,-2446.98,-4.62632,-2451.61,4
91,0.839689,-2452.61,-4.62511,-2457.23,4
92,0.610176,-2189.14,-4.65781,-2193.79,4
93,0.945585,-2322.65,-4.62155,-2327.28,4
94,1.103,-2550.81,-4.6071,-2555.41,4
95,0.557105,-2188.46,-4.66209,-2193.12,4
96,1.16575,-2551.17,-4.60747,-2555.78,4
97,1.05513,-2324.33,-4.62748,-2328.96,4
98,1.01503,-2323.18,-4.62154,-2327.8,4
99,1.06755,-2448.23,-4.62477,-2452.86,4
100,0.797537,-2327.7,-4.62796,-2332.33,4
101,0.882987,-2323.19,-4.62955,-2327.82,4
102,0.938724,-2336.88,-4.62778,-2341.51,4
103,0.585576,-2189.91,-4.65273,-2194.57,4
104,1.11813,-2550.21,-4.60673,-2554.81,4
105,0.541128,-2188.7,-4.65835,-2193.35,4
106,1.18611,-2552.33,-4.60575,-2556.94,4
107,1.11355,-2551.27,-4.6068,-2555.88,4
108,1.03357,-2447.36,-4.6243,-2451.98,4
109,0.998395,-2447.36,-4.62237,-2451.98,4
110,0.881011,-2322.64,-4.63186,-2327.27,4
111,0.860441,-2449.14,-4.62063,-2453.76,4
112,0.883297,-2448.74,-4.6258,-2453.37,4
113,1.07444,-2336.64,-4.61481,-2341.26,4
114,0.86487,-2323.93,-4.62692,-2328.56,4
115,0.607855,-2188.63,-4.6638,-2193.29,4
116,0.960586,-2447.47,-4.6198,-2452.09,4
117,1.07069,-2552.24,-4.60541,-2556.84,4
118,0.958746,-2336.89,-4.62249,-2341.51,4
119,1.06376,-2551.06,-4.60588,-2555.67,4
120,1.05834,-2324.95,-4.62365,-2329.57,4
121,0.94113,-2447.96,-4.62397,-2452.59,4
122,0.935167,-2447.05,-4.62276,-2451.67,4
123,0.48162,-2196.45,-4.65337,-2201.1,4
124,0.972425,-2336.31,-4.62071,-2340.93,4
125,1.04044,-2447.91,-4.62487,-2452.53,4
126,0.962779,-2448.21,-4.62285,-2452.83,4
127,1.02763,-2447.28,-4.62438,-2451.91,4
128,0.973951,-2326.2,-4.63575,-2330.83,4
129,1.14447,-2338.67,-4.61197,-2343.29,4
130,0.922603,-2447.24,-4.62287,-2451.86,4
131,0.984513,-2325.09,-4.62259,-2329.71,4
132,1.03123,-2336.38,-4.61524,-2340.99,4
133,0.875351,-2323.22,-4.62415,-2327.84,4
134,0.958574,-2447,-4.62734,-2451.63,4
135,1.09878,-2337.03,-4.62137,-2341.65,4
136,0.530981,-2188.94,-4.65773,-2193.6,4
137,0.882109,-2323.81,-4.62091,-2328.43,4
138,0.933541,-2447.51,-4.63187,-2452.14,4
139,0.572769,-2189.5,-4.66763,-2194.16,4
140,0.581038,-2190.1,-4.66449,-2194.77,4
141,1.04707,-2448.18,-4.62398,-2452.81,4
142,0.91474,-2322.55,-4.63235,-2327.18,4
143,0.946895,-2449.07,-4.62516,-2453.69,4
144,0.967532,-2324.98,-4.62251,-2329.6,4
145,0.547495,-2188.98,-4.65908,-2193.64,4
146,0.572808,-2188.83,-4.66572,-2193.5,4
147,1.08565,-2551.54,-4.60709,-2556.15,4
148,1.14614,-2552.38,-4.60609,-2556.99,4
149,0.968348,-2446.96,-4.62304,-2451.59,4
150,0.945246,-2322.23,-4.62551,-2326.86,4
151,0.942866,-2336.81,-4.62585,-2341.44,4
152,0.628937,-2189.22,-4.65961,-2193.88,4
153,1.0557,-2551.72,-4.60704,-2556.33,4
154,0.996995,-2553.81,-4.60655,-2558.41,4
155,0.992625,-2447.33,-4.62387,-2451.95,4
156,0.96185,-2336.42,-4.61915,-2341.04,4
157,0.988898,-2336.23,-4.6129,-2340.84,4
158,0.988476,-2336.39,-4.61973,-2341.01,4
159,0.934759,-2323.55,-4.62429,-2328.17,4
160,0.644534,-2189.8,-4.65999,-2194.46,4
161,1.00814,-2339.93,-4.62157,-2344.55,4
162,0.980322,-2336.4,-4.62258,-2341.02,4
163,0.96551,-2336.65,-4.61855,-2341.27,4
164,1.13375,-2337.71,-4.61939,-2342.32,4
165,1.20025,-2550.24,-4.60659,-2554.85,4
166,1.21461,-2552.61,-4.60596,-2557.21,4
167,0.867624,-2339.38,-4.62013,-2344,4
168,1.10226,-2550.21,-4.60682,-2554.82,4
169,1.06192,-2551.97,-4.60742,-2556.57,4
170,0.538499,-2191.18,-4.66071,-2195.84,4
171,1.04768,-2336.37,-4.61733,-2340.99,4
172,0.999565,-2447.4,-4.6237,-2452.02,4
173,0.577202,-2188.66,-4.65731,-2193.32,4
174,0.600436,-2188.66,-4.66942,-2193.33,4
175,1.01396,-2323.82,-4.62641,-2328.45,4
176,0.950291,-2336.63,-4.61423,-2341.24,4
177,0.871022,-2448.73,-4.61949,-2453.35,4
178,0.93097,-2336.96,-4.62242,-2341.59,4
179,0.837259,-2324.98,-4.62346,-2329.61,4
180,0.847182,-2326.18,-4.622,-2330.8,4
181,0.972268,-2336.92,-4.61841,-2341.54,4
182,0.554921,-2188.74,-4.65613,-2193.39,4
183,0.95775,-2323.42,-4.62697,-2328.05,4
184,0.918972,-2447.37,-4.62515,-2452,4
185,1.16698,-2549.46,-4.60587,-2554.06,4
186,0.969671,-2447.33,-4.62405,-2451.95,4
187,0.572297,-2188.73,-4.65977,-2193.39,4
188,0.984506,-2448.38,-4.62581,-2453,4
189,1.16377,-2550.82,-4.60659,-2555.42,4
190,1.08656,-2551.11,-4.60759,-2555.72,4
191,0.967029,-2336.69,-4.6132,-2341.31,4
192,0.581459,-2188.53,-4.66649,-2193.2,4
193,0.999508,-2336.34,-4.6207,-2340.96,4
194,0.887835,-2451.04,-4.62526,-2455.66,4
195,1.12399,-2552.15,-4.60578,-2556.76,4
196,1.02663,-2323.61,-4.62719,-2328.24,4
197,0.899961,-2337.64,-4.62444,-2342.27,4
198,1.18187,-2338.91,-4.61925,-2343.53,4
199,0.907615,-2325.19,-4.63296,-2329.82,4
200,1.11968,-2549.77,-4.6074,-2554.38,4
201,0.955872,-2448.66,-4.62741,-2453.29,4
202,0.951043,-2451.46,-4.62437,-2456.08,4
203,1.00069,-2323.71,-4.63317,-2328.34,4
204,0.528075,-2190.46,-4.66378,-2195.13,4
205,0.951737,-2336.53,-4.61937,-2341.15,4
206,1.146,-2549.99,-4.60602,-2554.59,4
207,0.901572,-2448.82,-4.62486,-2453.45,4
208,0.574219,-2188.63,-4.66986,-2193.3,4
209,0.953626,-2336.48,-4.62084,-2341.11,4
210,0.912317,-2337.54,-4.62069,-2342.16,4
211,1.04214,-2447.45,-4.6223,-2452.08,4
212,0.895269,-2323.31,-4.62974,-2327.94,4
213,1.12138,-2552,-4.60792,-2556.61,4
214,0.56585,-2189.2,-4.66316,-2193.87,4
215,0.581969,-2189.21,-4.66525,-2193.87,4
216,1.0587,-2336.86,-4.61423,-2341.48,4
217,0.967301,-2447.85,-4.62256,-2452.47,4
218,0.532264,-2191.53,-4.66514,-2196.19,4
219,0.896126,-2325.07,-4.63265,-2329.7,4
220,0.856422,-2324.85,-4.62461,-2329.47,4
221,0.966515,-2447.46,-4.62741,-2452.09,4
222,0.825707,-2325.05,-4.62729,-2329.68,4
223,0.948243,-2336.93,-4.61625,-2341.55,4
224,0.571741,-2189.02,-4.65822,-2193.67,4
225,0.919813,-2324.36,-4.62947,-2328.99,4
226,0.987546,-2336.27,-4.62073,-2340.9,4
227,0.90063,-2447.6,-4.62277,-2452.22,4
228,0.991557,-2324.65,-4.63061,-2329.28,4
229,1.10172,-2550.43,-4.60805,-2555.04,4
230,1.1452,-2337.83,-4.61874,-2342.45,4
231,0.909937,-2447.87,-4.62503,-2452.49,4
232,0.935543,-2337.25,-4.61913,-2341.87,4
233,1.15645,-2551.72,-4.6085,-2556.33,4
234,0.540218,-2189.78,-4.65282,-2194.43,4
235,0.908843,-2323.37,-4.63018,-2328,4
236,0.92989,-2336.92,-4.62444,-2341.55,4
237,0.936871,-2448.5,-4.62674,-2453.12,4
238,1.10422,-2325.08,-4.62603,-2329.7,4
239,0.918298,-2324.11,-4.62883,-2328.74,4
240,0.894322,-2323.22,-4.6236,-2327.85,4
241,1.1377,-2550.06,-4.60654,-2554.66,4
242,0.956006,-2322.83,-4.63192,-2327.47,4
243,0.917315,-2322.85,-4.62679,-2327.48,4
244,0.835355,-2324.18,-4.6336,-2328.81,4
245,0.975306,-2450.07,-4.62171,-2454.69,4
246,1.21959,-2550.23,-4.60654,-2554.84,4
247,0.894309,-2323.41,-4.62395,-2328.04,4
248,0.523363,-2189.3,-4.65394,-2193.96,4
249,0.999101,-2555.34,-4.60759,-2559.95,4
250,0.892849,-2449.03,-4.61986,-2453.65,4
251,1.10165,-2551.74,-4.60714,-2556.34,4
252,0.85977,-2449.09,-4.62575,-2453.72,4
253,0.615043,-2188.6,-4.66451,-2193.26,4
254,0.577741,-2188.94,-4.66094,-2193.6,4
255,1.16254,-2549.54,-4.60703,-2554.15,4
256,0.858694,-2323.58,-4.629,-2328.21,4
257,1.09044,-2552.03,-4.60722,-2556.64,4
258,1.05314,-2551.63,-4.60633,-2556.24,4
259,1.01838,-2323.11,-4.62806,-2327.74,4
260,0.889239,-2449.7,-4.6238,-2454.32,4
261,1.02409,-2447.74,-4.62319,-2452.36,4
262,0.538375,-2188.81,-4.65275,-2193.47,4
263,0.967875,-2450.21,-4.62483,-2454.83,4
264,1.0724,-2449.07,-4.61919,-2453.69,4
265,1.13985,-2549.72,-4.60709,-2554.33,4
266,0.92488,-2324.9,-4.62511,-2329.52,4
267,0.576153,-2188.22,-4.65849,-2192.88,4
268,0.545957,-2188.7,-4.65622,-2193.36,4
269,1.17907,-2549.37,-4.60688,-2553.97,4
270,1.13151,-2549.68,-4.60646,-2554.29,4
271,0.891152,-2338.19,-4.62471,-2342.82,4
272,0.558183,-2189.74,-4.66328,-2194.4,4
273,0.935355,-2338.73,-4.62485,-2343.36,4
274,1.13899,-2551.1,-4.60888,-2555.71,4
275,0.97662,-2447.03,-4.62426,-2451.66,4
276,0.544501,-2189.45,-4.66036,-2194.11,4
277,1.11413,-2337.19,-4.61855,-2341.81,4
278,0.985539,-2336.43,-4.62138,-2341.05,4
279,0.966944,-2448.09,-4.62839,-2452.72,4
280,0.851443,-2451.03,-4.62239,-2455.66,4
281,1.00416,-2447.71,-4.62088,-2452.33,4
282,0.898314,-2322.87,-4.62609,-2327.5,4
283,1.04156,-2551.63,-4.60566,-2556.24,4
284,0.946536,-2322.39,-4.62789,-2327.02,4
285,0.878349,-2323.79,-4.62987,-2328.42,4
286,0.902956,-2322.74,-4.62952,-2327.36,4
287,0.657154,-2191.81,-4.66204,-2196.48,4
288,0.848702,-2324.81,-4.628,-2329.43,4
289,0.568056,-2188.73,-4.66214,-2193.4,4
290,0.979157,-2322.39,-4.62532,-2327.01,4
291,0.988248,-2336.23,-4.61753,-2340.84,4
292,1.08591,-2552.77,-4.60627,-2557.38,4
293,1.06467,-2336.51,-4.61897,-2341.13,4
294,1.05959,-2336.46,-4.61376,-2341.07,4
295,0.908823,-2323.98,-4.62999,-2328.61,4
296,0.884586,-2449.09,-4.62373,-2453.72,4
297,1.12669,-2337.54,-4.61627,-2342.15,4
298,0.914964,-2323.14,-4.62487,-2327.77,4
299,0.870763,-2324.56,-4.6289,-2329.19,4
300,0.873565,-2324.04,-4.63211,-2328.67,4
301,1.09219,-2550.97,-4.60664,-2555.58,4
302,0.562445,-2190.27,-4.65318,-2194.92,4
303,1.14462,-2554.1,-4.6082,-2558.71,4
304,0.938599,-2447.41,-4.62267,-2452.03,4
305,1.06984,-2550.97,-4.60547,-2555.57,4
306,1.02544,-2553.63,-4.60775,-2558.24,4
307,0.865907,-2323.14,-4.63061,-2327.77,4
308,1.2276,-2550.34,-4.6063,-2554.95,4
309,0.832898,-2327.58,-4.63037,-2332.21,4
310,0.996344,-2336.3,-4.62681,-2340.93,4
311,1.07108,-2324.16,-4.63104,-2328.79,4
312,0.9387,-2322.41,-4.62598,-2327.04,4
313,0.651007,-2193.64,-4.66433,-2198.31,4
314,0.928125,-2450.16,-4.62079,-2454.78,4
315,1.11665,-2551.19,-4.60572,-2555.8,4
316,0.508426,-2189.99,-4.65844,-2194.65,4
317,0.927196,-2322.36,-4.6254,-2326.98,4
318,0.536371,-2188.78,-4.66191,-2193.44,4
319,1.07565,-2336.58,-4.62229,-2341.2,4
320,1.08037,-2553.61,-4.6075,-2558.21,4
321,1.19947,-2549.8,-4.60799,-2554.41,4
322,0.881838,-2448.95,-4.62502,-2453.58,4
323,1.27404,-2550.39,-4.60518,-2554.99,4
324,0.931342,-2336.85,-4.6187,-2341.47,4
325,0.505737,-2190.02,-4.66126,-2194.68,4
326,0.532447,-2189.2,-4.66646,-2193.87,4
327,0.572795,-2188.38,-4.65524,-2193.03,4
328,0.896596,-2323,-4.62842,-2327.63,4
329,1.01375,-2336.43,-4.62566,-2341.06,4
330,0.891941,-2326,-4.62451,-2330.63,4
331,0.973619,-2336.51,-4.62187,-2341.13,4
332,0.950548,-2322.89,-4.62915,-2327.52,4
333,1.03139,-2325.5,-4.63267,-2330.13,4
334,0.88107,-2449.02,-4.6259,-2453.65,4
335,0.616943,-2189.61,-4.65991,-2194.27,4
336,0.990477,-2336.5,-4.62192,-2341.12,4
337,1.05257,-2336.76,-4.61649,-2341.37,4
338,0.921696,-2447.62,-4.62406,-2452.25,4
339,0.875322,-2448.63,-4.62403,-2453.26,4
340,1.08772,-2551.64,-4.60662,-2556.25,4
341,0.875642,-2449.32,-4.62317,-2453.94,4
342,0.593313,-2189.58,-4.66361,-2194.24,4
343,0.979075,-2323.52,-4.62413,-2328.14,4
344,0.850588,-2449.71,-4.62859,-2454.34,4
345,1.00665,-2324.9,-4.62482,-2329.52,4
346,1.1619,-2550.76,-4.60556,-2555.37,4
347,1.07315,-2449.17,-4.62409,-2453.79,4
348,1.02396,-2447.35,-4.62192,-2451.97,4
349,1.17419,-2549.72,-4.60578,-2554.32,4
350,0.91062,-2337.57,-4.61493,-2342.19,4
351,0.552579,-2189.35,-4.6569,-2194,4
352,0.970788,-2336.69,-4.62441,-2341.32,4
353,0.894804,-2448.15,-4.62354,-2452.78,4
354,1.17393,-2550.29,-4.60858,-2554.9,4
355,0.837005,-2323.85,-4.62469,-2328.48,4
356,1.00576,-2323.47,-4.62945,-2328.1,4
357,0.994684,-2337.15,-4.61784,-2341.77,4
358,1.10311,-2552.27,-4.60859,-2556.88,4
359,1.14062,-2551.17,-4.60935,-2555.78,4
360,0.99013,-2337.16,-4.61519,-2341.78,4
361,0.89135,-2323.87,-4.63014,-2328.5,4
362,1.04593,-2551.87,-4.60688,-2556.47,4
363,0.931161,-2322.19,-4.63285,-2326.82,4
364,0.981025,-2336.29,-4.61924,-2340.91,4
365,0.837979,-2324.81,-4.63022,-2329.44,4
366,0.971973,-2326.83,-4.62507,-2331.46,4
367,1.10767,-2550.19,-4.60651,-2554.8,4
368,1.08567,-2550.49,-4.60556,-2555.1,4
369,0.945181,-2323.36,-4.62553,-2327.99,4
370,0.628843,-2189.61,-4.65823,-2194.27,4
371,0.970941,-2322.42,-4.63073,-2327.05,4
372,0.899432,-2323.16,-4.62632,-2327.78,4
373,0.537002,-2189.58,-4.66611,-2194.25,4
374,1.12456,-2337.8,-4.6215,-2342.42,4
375,1.03223,-2447.99,-4.62523,-2452.61,4
376,1.06462,-2449.26,-4.62406,-2453.88,4
377,0.561661,-2188.96,-4.66497,-2193.63,4
378,0.530738,-2189.52,-4.64607,-2194.17,4
379,1.11662,-2338.7,-4.62099,-2343.32,4
380,1.11381,-2550.33,-4.6062,-2554.93,4
381,1.10157,-2551.43,-4.60841,-2556.04,4
382,0.895432,-2323.56,-4.62517,-2328.18,4
383,1.05621,-2336.65,-4.61834,-2341.27,4
384,0.977917,-2337.21,-4.61759,-2341.83,4
385,0.924449,-2447.21,-4.62563,-2451.84,4
386,1.00316,-2338.69,-4.62049,-2343.31,4
387,1.04788,-2336.63,-4.62131,-2341.25,4
388,0.552005,-2188.9,-4.66046,-2193.56,4
389,0.859213,-2323.74,-4.62621,-2328.37,4
390,0.575819,-2188.77,-4.65631,-2193.42,4
391,1.03212,-2336.22,-4.62141,-2340.84,4
392,0.896736,-2322.91,-4.62727,-2327.54,4
393,0.932571,-2448.21,-4.62872,-2452.84,4
394,1.03594,-2553.21,-4.60621,-2557.81,4
395,1.01793,-2336.19,-4.62405,-2340.81,4
396,1.07381,-2338.23,-4.61647,-2342.84,4
397,0.89963,-2338.03,-4.6167,-2342.65,4
398,0.623188,-2190.37,-4.66429,-2195.03,4
399,1.26368,-2552.24,-4.60566,-2556.84,4
400,0.491326,-2193.07,-4.66843,-2197.74,4
401,0.630273,-2189.73,-4.65173,-2194.38,4
402,0.867746,-2448.82,-4.62413,-2453.44,4
403,1.18217,-2550.2,-4.60551,-2554.81,4
404,0.580466,-2188.82,-4.66479,-2193.49,4
405,0.918,-2323.34,-4.63636,-2327.98,4
406,1.17599,-2339.76,-4.61799,-2344.37,4
407,0.581678,-2188.39,-4.66268,-2193.05,4
408,1.03191,-2554.26,-4.60693,-2558.87,4
409,1.13217,-2550.36,-4.60597,-2554.97,4
410,0.946478,-2449.29,-4.62174,-2453.91,4
411,0.93365,-2324.6,-4.63596,-2329.24,4
412,0.992348,-2336.25,-4.62389,-2340.88,4
413,0.919513,-2323.03,-4.62662,-2327.65,4
414,0.982035,-2448.26,-4.62125,-2452.88,4
415,1.01856,-2447.1,-4.62235,-2451.73,4
416,0.562171,-2188.67,-4.6615,-2193.33,4
417,0.597858,-2189.77,-4.66364,-2194.43,4
418,0.534419,-2190.36,-4.66661,-2195.03,4
419,1.09149,-2554.13,-4.60686,-2558.74,4
420,1.08308,-2552.69,-4.60648,-2557.29,4
421,1.0544,-2336.63,-4.61573,-2341.24,4
422,0.542159,-2189.91,-4.65631,-2194.57,4
423,0.999578,-2323,-4.62416,-2327.62,4
424,0.856588,-2323.7,-4.62822,-2328.32,4
425,1.15399,-2549.72,-4.60637,-2554.32,4
426,0.931987,-2322.44,-4.62444,-2327.07,4
427,0.882475,-2323.72,-4.62706,-2328.35,4
428,0.977648,-2323.18,-4.62652,-2327.81,4
429,1.05655,-2337.06,-4.61425,-2341.67,4
430,0.912612,-2448.21,-4.6212,-2452.84,4
431,0.912103,-2323.92,-4.63014,-2328.55,4
432,0.815777,-2325.01,-4.63098,-2329.64,4
433,1.02509,-2447.31,-4.62294,-2451.93,4
434,0.55611,-2189.3,-4.65601,-2193.95,4
435,0.611142,-2188.62,-4.65729,-2193.28,4
436,0.645842,-2190.9,-4.65834,-2195.56,4
437,1.13669,-2549.69,-4.60595,-2554.29,4
438,0.997301,-2324.25,-4.6263,-2328.88,4
439,0.866626,-2448.69,-4.62611,-2453.31,4
440,0.920749,-2323.09,-4.63147,-2327.72,4
441,0.833004,-2323.88,-4.62297,-2328.5,4
442,1.26403,-2551.89,-4.60656,-2556.5,4
443,0.9747,-2453.51,-4.62383,-2458.13,4
444,0.873787,-2324.73,-4.62533,-2329.36,4
445,0.616089,-2188.77,-4.66082,-2193.43,4
446,0.482659,-2191.29,-4.66578,-2195.96,4
447,0.975126,-2447.06,-4.62122,-2451.68,4
448,0.996602,-2553.28,-4.60687,-2557.89,4
449,1.17985,-2551.05,-4.60733,-2555.66,4
450,0.566122,-2189.16,-4.66444,-2193.82,4
451,1.1391,-2549.55,-4.60545,-2554.16,4
452,0.834635,-2450.73,-4.62278,-2455.35,4
453,0.537041,-2188.95,-4.66589,-2193.62,4
454,0.62403,-2188.95,-4.66957,-2193.62,4
455,1.00407,-2554.2,-4.60558,-2558.81,4
456,0.561868,-2189.05,-4.67257,-2193.73,4
457,0.96578,-2323.32,-4.6295,-2327.95,4
458,0.599981,-2189.09,-4.66024,-2193.75,4
459,0.641778,-2190.33,-4.65548,-2194.99,4
460,0.920618,-2447.49,-4.6254,-2452.12,4
461,0.950279,-2447.1,-4.6235,-2451.72,4
462,0.991527,-2450.42,-4.62353,-2455.04,4
463,1.03256,-2552.11,-4.60766,-2556.72,4
464,0.981642,-2336.47,-4.62069,-2341.1,4
465,1.08379,-2448.51,-4.62274,-2453.13,4
466,1.08202,-2551.76,-4.60586,-2556.36,4
467,0.919375,-2324.27,-4.63139,-2328.9,4
468,0.873441,-2449.01,-4.62493,-2453.63,4
469,0.651946,-2190.64,-4.66264,-2195.3,4
470,0.974848,-2446.83,-4.62349,-2451.45,4
471,1.13449,-2549.71,-4.60794,-2554.32,4
472,1.01578,-2323.97,-4.62158,-2328.59,4
473,0.539489,-2188.81,-4.65919,-2193.47,4
474,0.933484,-2447.06,-4.62245,-2451.69,4
475,1.11591,-2550.23,-4.60702,-2554.84,4
476,0.861765,-2448.89,-4.62213,-2453.51,4
477,1.12147,-2550,-4.60829,-2554.6,4
478,0.550021,-2188.72,-4.66184,-2193.38,4
479,0.595479,-2194.62,-4.65617,-2199.27,4
480,1.09712,-2550.58,-4.60653,-2555.18,4
481,1.25145,-2551.25,-4.60636,-2555.86,4
482,0.522832,-2193.76,-4.66343,-2198.42,4
483,0.634323,-2190.64,-4.65903,-2195.3,4
484,0.988004,-2447.67,-4.6259,-2452.3,4
485,0.956511,-2446.88,-4.62507,-2451.5,4
486,0.771382,-2326.97,-4.64173,-2331.61,4
487,0.88949,-2323.61,-4.62779,-2328.24,4
488,0.971554,-2336.45,-4.61765,-2341.06,4
489,1.06548,-2448.15,-4.62344,-2452.77,4
490,1.02889,-2336.28,-4.61923,-2340.9,4
491,0.820395,-2325.37,-4.62612,-2330,4
492,0.900957,-2324.36,-4.62448,-2328.99,4
493,0.9498,-2323.82,-4.62931,-2328.44,4
494,1.04971,-2449.14,-4.625,-2453.77,4
495,0.891469,-2323.19,-4.63589,-2327.83,4
496,0.963708,-2336.4,-4.61596,-2341.01,4
497,1.08796,-2550.46,-4.60632,-2555.07,4
498,0.520538,-2189.26,-4.66648,-2193.92,4
499,0.965325,-2447.15,-4.62358,-2451.77,4
500,0.918431,-2327.47,-4.63243,-2332.1,4
501,0.605266,-2188.62,-4.66232,-2193.29,4
502,0.542476,-2189.11,-4.66542,-2193.78,4
503,0.969872,-2336.31,-4.6232,-2340.93,4
504,1.07266,-2553.46,-4.60676,-2558.06,4
505,1.17507,-2550.7,-4.60732,-2555.31,4
506,0.483932,-2191.44,-4.6689,-2196.11,4
507,0.946646,-2323.34,-4.62625,-2327.97,4
508,1.0589,-2336.6,-4.61661,-2341.22,4
509,0.984772,-2322.53,-4.62221,-2327.16,4
510,0.681129,-2191.03,-4.65979,-2195.69,4
511,1.2952,-2553.39,-4.60779,-2558,4
512,0.955296,-2449.4,-4.62343,-2454.02,4
513,1.06188,-2448.87,-4.62594,-2453.49,4
514,0.988948,-2336.47,-4.61851,-2341.09,4
515,1.16714,-2549.44,-4.60578,-2554.04,4
516,1.13634,-2549.54,-4.60611,-2554.15,4
517,1.04216,-2338.88,-4.62461,-2343.51,4
518,1.00771,-2449.81,-4.62282,-2454.44,4
519,1.08115,-2336.64,-4.61774,-2341.25,4
520,0.938027,-2336.78,-4.61895,-2341.4,4
521,0.865721,-2326.02,-4.6353,-2330.65,4
522,0.621954,-2189.9,-4.65764,-2194.56,4
523,0.934309,-2323.44,-4.62314,-2328.07,4
524,0.965553,-2338.61,-4.61357,-2343.22,4
525,0.966979,-2336.83,-4.62227,-2341.45,4
526,0.995979,-2336.16,-4.61975,-2340.78,4
527,0.482508,-2191.68,-4.65962,-2196.34,4
528,0.580034,-2188.54,-4.66456,-2193.21,4
529,0.957739,-2324.1,-4.62303,-2328.72,4
530,1.19699,-2551.19,-4.60971,-2555.8,4
531,1.12601,-2551.45,-4.60652,-2556.06,4
532,0.868717,-2338.93,-4.6197,-2343.55,4
533,0.921059,-2448.48,-4.62544,-2453.11,4
534,0.97316,-2448.36,-4.62292,-2452.98,4
535,0.985272,-2554.85,-4.60922,-2559.46,4
536,1.15455,-2549.56,-4.60774,-2554.17,4
537,1.07806,-2550.66,-4.60589,-2555.27,4
538,0.964944,-2451.19,-4.62331,-2455.81,4
539,0.967319,-2324.95,-4.62702,-2329.58,4
540,0.887303,-2448.47,-4.62538,-2453.09,4
541,0.935377,-2447.66,-4.62461,-2452.28,4
542,1.13781,-2549.78,-4.6061,-2554.39,4
543,0.855263,-2323.55,-4.63387,-2328.18,4
544,0.909623,-2337.44,-4.62796,-2342.07,4
545,0.856944,-2452.06,-4.62857,-2456.69,4
546,0.893971,-2447.95,-4.62802,-2452.58,4
547,0.975556,-2323.33,-4.62609,-2327.95,4
548,0.596082,-2188.41,-4.67482,-2193.08,4
549,0.827307,-2450.21,-4.6253,-2454.83,4
550,1.03375,-2336.49,-4.61716,-2341.1,4
551,1.01796,-2337.1,-4.6173,-2341.72,4
552,0.739721,-2329.4,-4.63172,-2334.03,4
553,1.14052,-2549.48,-4.6063,-2554.09,4
554,0.981441,-2449.61,-4.62064,-2454.23,4
555,0.85017,-2328.37,-4.63065,-2333.01,4
556,1.13534,-2550.05,-4.60663,-2554.66,4
557,1.10396,-2551.14,-4.60756,-2555.74,4
558,0.979765,-2336.48,-4.61817,-2341.1,4
559,0.943475,-2322.75,-4.63205,-2327.39,4
560,0.600682,-2188.46,-4.65731,-2193.11,4
561,0.612903,-2190.49,-4.65957,-2195.15,4
562,0.553676,-2188.62,-4.66002,-2193.28,4
563,0.982061,-2336.22,-4.61813,-2340.84,4
564,0.984835,-2336.21,-4.62029,-2340.83,4
565,0.844104,-2449.47,-4.62724,-2454.1,4
566,1.12605,-2549.89,-4.60719,-2554.5,4
567,0.978212,-2323.02,-4.62209,-2327.64,4
568,1.07756,-2551.3,-4.60667,-2555.91,4
569,1.17663,-2549.61,-4.60633,-2554.22,4
570,0.601911,-2188.39,-4.66514,-2193.06,4
571,1.03391,-2447.46,-4.62353,-2452.08,4
572,1.01553,-2447.52,-4.62115,-2452.14,4
573,0.60843,-2190.03,-4.66489,-2194.7,4
574,0.557832,-2189.03,-4.66346,-2193.69,4
575,0.868053,-2325.07,-4.63027,-2329.7,4
576,0.844449,-2449.66,-4.62309,-2454.28,4
577,0.890528,-2324.59,-4.62928,-2329.22,4
578,0.935896,-2336.78,-4.61818,-2341.4,4
579,0.938651,-2322.37,-4.62258,-2326.99,4
580,0.937288,-2447.18,-4.62208,-2451.8,4
581,0.931033,-2447.18,-4.62311,-2451.81,4
582,1.00552,-2336.15,-4.61883,-2340.77,4
583,0.796662,-2326.08,-4.63129,-2330.71,4
584,0.984757,-2448.53,-4.62834,-2453.16,4
585,0.859171,-2325.74,-4.6264,-2330.37,4
586,0.935295,-2447.27,-4.62335,-2451.89,4
587,0.59389,-2189.05,-4.66359,-2193.72,4
588,1.06574,-2551.25,-4.60743,-2555.86,4
589,1.00192,-2336.21,-4.61786,-2340.83,4
590,0.795092,-2327.11,-4.62904,-2331.74,4
591,0.961054,-2336.44,-4.61898,-2341.05,4
592,1.22765,-2551.9,-4.60544,-2556.51,4
593,0.950904,-2336.91,-4.61981,-2341.53,4
594,0.919652,-2323.57,-4.62916,-2328.2,4
595,1.17237,-2550.31,-4.6065,-2554.91,4
596,0.515074,-2190.7,-4.66509,-2195.36,4
597,0.925367,-2323.6,-4.63067,-2328.23,4
598,0.911375,-2324.59,-4.62458,-2329.22,4
599,1.04745,-2553.04,-4.60894,-2557.65,4
600,0.582076,-2188.44,-4.65828,-2193.1,4
601,0.630565,-2189.43,-4.66547,-2194.09,4
602,0.558285,-2188.38,-4.65243,-2193.04,4
603,0.925851,-2324.15,-4.63032,-2328.78,4
604,0.977842,-2338,-4.61993,-2342.62,4
605,1.00248,-2336.34,-4.61777,-2340.96,4
606,0.919882,-2447.99,-4.62187,-2452.61,4
607,0.933913,-2325.17,-4.62534,-2329.79,4
608,0.928062,-2326.23,-4.62835,-2330.86,4
609,1.03928,-2448.63,-4.62346,-2453.25,4
610,0.940437,-2448.06,-4.6239,-2452.68,4
611,0.525393,-2189.77,-4.6672,-2194.43,4
612,1.1858,-2549.74,-4.60674,-2554.34,4
613,0.939211,-2447.66,-4.62684,-2452.29,4
614,1.03503,-2552.22,-4.60773,-2556.83,4
615,0.575452,-2190.11,-4.64887,-2194.76,4
616,0.900601,-2447.8,-4.62815,-2452.43,4
617,0.547061,-2188.91,-4.66282,-2193.57,4
618,1.12091,-2550.94,-4.60662,-2555.54,4
619,0.945183,-2322.8,-4.62738,-2327.42,4
620,0.603403,-2188.76,-4.66363,-2193.42,4
621,0.997049,-2447.88,-4.62049,-2452.5,4
622,0.505031,-2189.91,-4.67201,-2194.58,4
623,1.0107,-2447.69,-4.62447,-2452.31,4
624,1.19429,-2549.37,-4.60659,-2553.98,4
625,1.14104,-2551.18,-4.60671,-2555.78,4
626,0.904596,-2322.35,-4.62502,-2326.98,4
627,1.00711,-2447.1,-4.6202,-2451.72,4
628,0.972844,-2325.4,-4.6271,-2330.03,4
629,0.918338,-2447.54,-4.62455,-2452.17,4
630,1.01629,-2447.63,-4.62379,-2452.26,4
631,1.014,-2554.5,-4.60748,-2559.1,4
632,0.974941,-2337.87,-4.62277,-2342.49,4
633,0.898987,-2325,-4.62451,-2329.62,4
634,1.13028,-2551.71,-4.60665,-2556.32,4
635,0.905695,-2448.91,-4.62015,-2453.53,4
636,1.1175,-2551.08,-4.60657,-2555.69,4
637,0.992874,-2336.3,-4.62028,-2340.92,4
638,0.489753,-2190.81,-4.66225,-2195.48,4
639,0.845166,-2323.41,-4.63337,-2328.05,4
640,1.01548,-2447.59,-4.62475,-2452.21,4
641,0.940477,-2323.59,-4.62474,-2328.22,4
642,0.92873,-2336.94,-4.61497,-2341.55,4
643,1.0823,-2337.15,-4.61818,-2341.77,4
644,1.11305,-2550.54,-4.60876,-2555.15,4
645,1.17798,-2551.11,-4.60578,-2555.71,4
646,0.833123,-2325.84,-4.62716,-2330.47,4
647,0.55628,-2189.62,-4.66291,-2194.28,4
648,0.918394,-2448.23,-4.62481,-2452.86,4
649,1.07921,-2337,-4.6184,-2341.62,4
650,0.962805,-2449.83,-4.62413,-2454.46,4
651,1.15221,-2550.42,-4.60613,-2555.03,4
652,0.951391,-2323.38,-4.63181,-2328.01,4
653,1.00748,-2552.99,-4.60716,-2557.6,4
654,0.929462,-2337.13,-4.62023,-2341.75,4
655,1.01242,-2336.47,-4.61738,-2341.08,4
656,0.977448,-2447.27,-4.62672,-2451.9,4
657,0.990527,-2324.51,-4.62425,-2329.14,4
658,0.938011,-2336.92,-4.62256,-2341.55,4
659,1.02109,-2448.23,-4.6292,-2452.86,4
660,0.866219,-2324.38,-4.62708,-2329,4
661,0.588863,-2188.28,-4.65746,-2192.94,4
662,1.02812,-2336.27,-4.61257,-2340.88,4
663,0.907587,-2324.01,-4.62319,-2328.63,4
664,1.03719,-2552.26,-4.60692,-2556.86,4
665,0.860503,-2325.9,-4.62851,-2330.53,4
666,1.02942,-2447.26,-4.62358,-2451.88,4
667,0.531843,-2190.77,-4.65548,-2195.43,4
668,1.02257,-2337.49,-4.61286,-2342.1,4
669,1.01856,-2337.68,-4.61402,-2342.29,4
670,0.952711,-2323.41,-4.62857,-2328.03,4
671,1.02414,-2553.53,-4.60665,-2558.14,4
672,1.11091,-2550.16,-4.60613,-2554.76,4
673,1.04085,-2554.58,-4.60835,-2559.18,4
674,0.66665,-2190.68,-4.65351,-2195.34,4
675,0.962521,-2323.5,-4.62486,-2328.12,4
676,0.567176,-2190.48,-4.65838,-2195.13,4
677,1.08466,-2550.56,-4.60884,-2555.17,4
678,0.96894,-2447.61,-4.6214,-2452.23,4
679,0.901062,-2323.05,-4.62716,-2327.68,4
680,0.632309,-2190.66,-4.65748,-2195.32,4
681,0.942235,-2336.68,-4.62183,-2341.3,4
682,0.48369,-2191.47,-4.65161,-2196.12,4
683,1.09844,-2552.46,-4.60691,-2557.07,4
684,0.555289,-2188.43,-4.6579,-2193.08,4
685,0.940754,-2336.84,-4.61939,-2341.46,4
686,0.556081,-2188.49,-4.65431,-2193.14,4
687,1.07002,-2550.92,-4.60548,-2555.53,4
688,0.934591,-2322.69,-4.63684,-2327.33,4
689,0.990428,-2323.25,-4.62848,-2327.88,4
690,0.964231,-2336.76,-4.62262,-2341.38,4
691,1.03863,-2336.72,-4.62487,-2341.34,4
692,1.07106,-2337.58,-4.62029,-2342.2,4
693,1.03608,-2336.23,-4.61477,-2340.85,4
694,0.986576,-2336.96,-4.62263,-2341.58,4
695,0.91749,-2447.87,-4.62505,-2452.5,4
696,1.03736,-2337.53,-4.6205,-2342.16,4
697,0.85187,-2340.21,-4.62664,-2344.83,4
698,0.916708,-2322.56,-4.63671,-2327.19,4
699,0.961446,-2448.04,-4.62288,-2452.66,4
700,0.990592,-2336.24,-4.62006,-2340.86,4
701,0.561565,-2189.1,-4.66266,-2193.76,4
702,1.08726,-2336.85,-4.61526,-2341.46,4
703,1.08752,-2551.94,-4.60817,-2556.55,4
704,1.0356,-2553.71,-4.60737,-2558.32,4
705,1.09097,-2551.55,-4.60568,-2556.16,4
706,1.13913,-2551.58,-4.60724,-2556.19,4
707,1.10578,-2550.7,-4.60714,-2555.31,4
708,0.919862,-2337.63,-4.62959,-2342.26,4
709,0.940635,-2337.14,-4.61749,-2341.76,4
710,1.03532,-2552.79,-4.60735,-2557.39,4
711,0.921504,-2337.82,-4.62083,-2342.44,4
712,0.942661,-2337.41,-4.61841,-2342.03,4
713,0.86989,-2449.81,-4.62457,-2454.44,4
714,1.01487,-2447.28,-4.62175,-2451.9,4
715,0.938823,-2336.75,-4.61875,-2341.37,4
716,0.836819,-2340,-4.61863,-2344.62,4
717,0.856086,-2324,-4.62865,-2328.63,4
718,0.525608,-2189.07,-4.6638,-2193.73,4
719,1.02419,-2449.95,-4.62282,-2454.57,4
720,1.06177,-2551.86,-4.60581,-2556.47,4
721,0.555272,-2190.77,-4.65371,-2195.43,4
722,0.946047,-2322.12,-4.6269,-2326.74,4
723,1.02417,-2555.84,-4.60643,-2560.44,4
724,0.603592,-2189.13,-4.66485,-2193.79,4
725,0.903409,-2448.33,-4.62432,-2452.96,4
726,0.870409,-2448.67,-4.62564,-2453.29,4
727,0.808109,-2454.54,-4.62578,-2459.17,4
728,0.609166,-2189.25,-4.65026,-2193.9,4
729,0.515475,-2192.59,-4.67397,-2197.27,4
730,0.977963,-2336.28,-4.61575,-2340.89,4
731,1.10657,-2553.34,-4.60727,-2557.94,4
732,0.530711,-2190.11,-4.66244,-2194.77,4
733,0.624429,-2188.8,-4.65688,-2193.45,4
734,0.909365,-2448.57,-4.62122,-2453.19,4
735,1.07008,-2337.32,-4.61436,-2341.94,4
736,1.06614,-2448.29,-4.62752,-2452.91,4
737,0.562447,-2189.38,-4.66249,-2194.04,4
738,0.854406,-2324.07,-4.62618,-2328.7,4
739,0.884094,-2451.04,-4.6217,-2455.66,4
740,1.05545,-2552.36,-4.60664,-2556.97,4
741,0.59937,-2188.54,-4.66121,-2193.2,4
742,0.899399,-2323.72,-4.62082,-2328.34,4
743,0.880625,-2448.16,-4.62188,-2452.78,4
744,0.905272,-2323.21,-4.62823,-2327.84,4
745,0.86394,-2450.16,-4.62323,-2454.79,4
746,1.00627,-2336.19,-4.61888,-2340.81,4
747,0.540222,-2189.64,-4.65838,-2194.3,4
748,0.986586,-2322.6,-4.62476,-2327.23,4
749,1.12569,-2549.73,-4.6091,-2554.34,4
750,1.03448,-2552.3,-4.60662,-2556.91,4
751,0.917857,-2338.98,-4.61904,-2343.6,4
752,0.528656,-2188.98,-4.66109,-2193.64,4
753,0.548655,-2191.27,-4.65641,-2195.93,4
754,1.0405,-2337.45,-4.61722,-2342.07,4
755,0.925151,-2448.17,-4.62324,-2452.8,4
756,1.00432,-2336.49,-4.61694,-2341.11,4
757,0.955948,-2447.77,-4.62219,-2452.39,4
758,0.912601,-2322.59,-4.62384,-2327.21,4
759,0.539332,-2188.93,-4.66306,-2193.6,4
760,0.925335,-2447.28,-4.62095,-2451.9,4
761,0.904233,-2447.72,-4.62223,-2452.34,4
762,0.875538,-2450.58,-4.62595,-2455.21,4
763,1.09011,-2550.7,-4.60654,-2555.31,4
764,0.513707,-2189.72,-4.6586,-2194.37,4
765,0.927719,-2447.49,-4.62097,-2452.11,4
766,1.12076,-2551.22,-4.60715,-2555.83,4
767,1.11375,-2551.48,-4.60714,-2556.09,4
768,1.15482,-2549.78,-4.60618,-2554.38,4
769,1.10725,-2551.82,-4.60537,-2556.42,4
770,1.19173,-2551.38,-4.60698,-2555.99,4
771,1.07506,-2337.03,-4.6159,-2341.65,4
772,1.08952,-2337.11,-4.61965,-2341.73,4
773,0.552112,-2191.02,-4.66096,-2195.68,4
774,0.945741,-2447.6,-4.62217,-2452.22,4
775,1.28427,-2552.76,-4.60783,-2557.36,4
776,0.970723,-2322.48,-4.62728,-2327.11,4
777,0.608657,-2189.33,-4.65683,-2193.98,4
778,0.995614,-2447.14,-4.62208,-2451.76,4
779,0.913145,-2447.72,-4.62033,-2452.34,4
780,1.12024,-2549.96,-4.60755,-2554.57,4
781,0.949536,-2336.55,-4.61848,-2341.17,4
782,0.921696,-2337.12,-4.61952,-2341.74,4
783,1.06567,-2551.26,-4.60558,-2555.86,4
784,1.18224,-2549.75,-4.60582,-2554.35,4
785,0.970323,-2447.99,-4.62491,-2452.62,4
786,0.82822,-2327.34,-4.63318,-2331.97,4
787,1.14256,-2550.17,-4.60584,-2554.77,4
788,1.06777,-2449.35,-4.62222,-2453.97,4
789,0.98108,-2322.77,-4.62657,-2327.4,4
790,0.554927,-2189.43,-4.65897,-2194.09,4
791,0.908515,-2323.46,-4.6282,-2328.09,4
792,1.00907,-2554.14,-4.6091,-2558.75,4
793,0.934323,-2447.27,-4.62833,-2451.9,4
794,1.08174,-2336.82,-4.61394,-2341.44,4
795,0.942914,-2337.55,-4.61873,-2342.17,4
796,0.931899,-2452.46,-4.62541,-2457.09,4
797,0.533752,-2188.86,-4.65948,-2193.51,4
798,0.980348,-2449.06,-4.62076,-2453.68,4
799,1.09032,-2550.68,-4.6067,-2555.29,4
800,0.522818,-2189.23,-4.66174,-2193.89,4
801,1.08424,-2336.7,-4.62636,-2341.32,4
802,0.543504,-2190.35,-4.6661,-2195.02,4
803,1.06863,-2551.46,-4.60947,-2556.07,4
804,0.974287,-2324.46,-4.62801,-2329.09,4
805,0.993672,-2447.97,-4.63258,-2452.6,4
806,0.989395,-2338.59,-4.61871,-2343.21,4
807,0.883009,-2323.51,-4.62764,-2328.14,4
808,0.959461,-2447.88,-4.62049,-2452.5,4
809,1.23788,-2550.18,-4.60764,-2554.79,4
810,0.5942,-2188.73,-4.66205,-2193.39,4
811,0.923196,-2323.47,-4.62494,-2328.1,4
812,1.01224,-2553.29,-4.60702,-2557.9,4
813,0.999369,-2448.49,-4.62276,-2453.12,4
814,1.10701,-2550.88,-4.60685,-2555.48,4
815,0.915903,-2337.36,-4.61752,-2341.98,4
816,0.880356,-2324.48,-4.6311,-2329.12,4
817,0.937418,-2447.38,-4.61938,-2451.99,4
818,0.932772,-2450.97,-4.62615,-2455.6,4
819,1.20538,-2549.7,-4.6074,-2554.3,4
820,0.946121,-2326.74,-4.62691,-2331.37,4
821,0.621893,-2190.05,-4.65982,-2194.71,4
822,0.820676,-2341.05,-4.61783,-2345.67,4
823,0.921861,-2322.92,-4.62708,-2327.55,4
824,0.531376,-2189,-4.66522,-2193.67,4
825,1.1302,-2549.8,-4.60649,-2554.41,4
826,0.927319,-2336.98,-4.62005,-2341.6,4
827,0.941852,-2447.58,-4.62563,-2452.21,4
828,1.15017,-2338.41,-4.61157,-2343.02,4
829,1.13093,-2339.01,-4.61685,-2343.62,4
830,1.11089,-2551.61,-4.60633,-2556.21,4
831,0.659898,-2190.65,-4.66589,-2195.32,4
832,0.515878,-2190.85,-4.66931,-2195.52,4
833,1.15441,-2549.76,-4.60632,-2554.37,4
834,0.954158,-2447.1,-4.62696,-2451.73,4
835,0.535955,-2191.48,-4.66163,-2196.14,4
836,0.580507,-2189.69,-4.6684,-2194.36,4
837,0.957912,-2337.6,-4.6195,-2342.22,4
838,0.909239,-2337.31,-4.62538,-2341.94,4
839,0.888938,-2323.41,-4.6248,-2328.03,4
840,0.851032,-2324.43,-4.63689,-2329.07,4
841,0.89075,-2337.82,-4.61913,-2342.44,4
842,0.964991,-2323.76,-4.62945,-2328.39,4
843,0.989286,-2336.35,-4.61778,-2340.97,4
844,0.894398,-2323.17,-4.6338,-2327.8,4
845,0.987364,-2336.65,-4.61969,-2341.27,4
846,0.912674,-2324.61,-4.62134,-2329.23,4
847,0.989334,-2447.34,-4.62383,-2451.97,4
848,0.909946,-2448.1,-4.61925,-2452.72,4
849,0.84688,-2451.66,-4.62411,-2456.29,4
850,0.822847,-2324.77,-4.62311,-2329.39,4
851,1.10703,-2551.08,-4.60689,-2555.69,4
852,1.02986,-2324.21,-4.62185,-2328.84,4
853,0.57885,-2188.47,-4.65977,-2193.13,4
854,1.09256,-2337.15,-4.61533,-2341.76,4
855,0.608366,-2189.07,-4.66383,-2193.73,4
856,1.12914,-2549.77,-4.60645,-2554.38,4
857,1.06062,-2552.27,-4.60688,-2556.88,4
858,0.917166,-2338.51,-4.6193,-2343.12,4
859,0.557414,-2188.52,-4.65758,-2193.18,4
860,0.881697,-2449.89,-4.62805,-2454.51,4
861,0.574345,-2192.02,-4.6629,-2196.68,4
862,0.944564,-2447.05,-4.62305,-2451.67,4
863,0.958079,-2447.63,-4.62267,-2452.25,4
864,0.92285,-2447.97,-4.62199,-2452.59,4
865,0.988133,-2337.37,-4.62281,-2342,4
866,0.982533,-2447.05,-4.62565,-2451.67,4
867,0.978609,-2323.7,-4.62525,-2328.32,4
868,0.590941,-2189.12,-4.65905,-2193.78,4
869,0.682433,-2191.33,-4.66074,-2195.99,4
870,0.971786,-2446.98,-4.62359,-2451.61,4
871,1.05088,-2337.3,-4.61989,-2341.92,4
872,0.636356,-2191.44,-4.65847,-2196.1,4
873,0.551907,-2189.32,-4.65819,-2193.98,4
874,0.817458,-2325.6,-4.62376,-2330.22,4
875,1.05781,-2337.19,-4.61684,-2341.81,4
876,1.03648,-2336.7,-4.61649,-2341.32,4
877,0.962735,-2325.05,-4.62428,-2329.67,4
878,0.84639,-2324.67,-4.6259,-2329.3,4
879,1.05688,-2336.36,-4.61427,-2340.98,4
880,1.00218,-2336.2,-4.61881,-2340.82,4
881,0.97743,-2337.31,-4.61665,-2341.93,4
882,0.855095,-2323.7,-4.62714,-2328.33,4
883,1.06941,-2337.12,-4.61707,-2341.73,4
884,0.959935,-2447.36,-4.62435,-2451.99,4
885,0.863458,-2323.24,-4.6287,-2327.87,4
886,0.835518,-2323.86,-4.62887,-2328.49,4
887,1.10869,-2552.67,-4.60613,-2557.28,4
888,0.574763,-2188.81,-4.65714,-2193.47,4
889,0.923389,-2337.6,-4.62068,-2342.22,4
890,0.552728,-2189.05,-4.6633,-2193.72,4
891,0.618955,-2189.42,-4.66354,-2194.08,4
892,1.01965,-2336.17,-4.6174,-2340.79,4
893,0.875361,-2448.24,-4.62955,-2452.87,4
894,0.507365,-2189.99,-4.6651,-2194.65,4
895,1.02681,-2336.42,-4.62001,-2341.04,4
896,0.904687,-2325.5,-4.63093,-2330.13,4
897,0.769636,-2327.68,-4.62755,-2332.31,4
898,0.926604,-2322.56,-4.63753,-2327.2,4
899,0.950019,-2337.94,-4.62023,-2342.56,4
900,0.961493,-2324.01,-4.62913,-2328.64,4
901,0.582353,-2188.9,-4.66226,-2193.57,4
902,1.03902,-2336.23,-4.62176,-2340.85,4
903,0.958999,-2336.62,-4.62033,-2341.24,4
904,0.483731,-2191.24,-4.65622,-2195.9,4
905,1.02193,-2448.19,-4.62445,-2452.82,4
906,0.497523,-2194.51,-4.66525,-2199.17,4
907,0.558956,-2189.22,-4.65912,-2193.88,4
908,0.961726,-2336.88,-4.616,-2341.5,4
909,0.993339,-2336.2,-4.61875,-2340.82,4
910,0.954748,-2337.29,-4.62199,-2341.91,4
911,1.00991,-2553.14,-4.60723,-2557.74,4
912,0.550068,-2189.17,-4.66101,-2193.83,4
913,0.543414,-2188.6,-4.6597,-2193.26,4
914,1.00726,-2449.13,-4.62386,-2453.76,4
915,0.937778,-2447.14,-4.61886,-2451.76,4
916,1.1368,-2550.76,-4.60691,-2555.37,4
917,1.13833,-2337.84,-4.61739,-2342.45,4
918,0.884571,-2322.68,-4.62677,-2327.3,4
919,0.941517,-2448.13,-4.62148,-2452.76,4
920,0.955997,-2323.91,-4.62775,-2328.54,4
921,0.515032,-2189.54,-4.65006,-2194.19,4
922,0.519856,-2189.88,-4.65926,-2194.53,4
923,0.57375,-2188.28,-4.6599,-2192.94,4
924,0.913939,-2326.28,-4.62938,-2330.91,4
925,0.582831,-2188.71,-4.67232,-2193.38,4
926,1.236,-2550.03,-4.60626,-2554.64,4
927,0.960272,-2336.49,-4.62015,-2341.11,4
928,0.614396,-2189.13,-4.65201,-2193.78,4
929,1.00517,-2447.01,-4.62636,-2451.64,4
930,1.1493,-2549.62,-4.60707,-2554.22,4
931,1.09545,-2553.77,-4.60816,-2558.38,4
932,0.61878,-2189.77,-4.65836,-2194.42,4
933,0.496201,-2190.93,-4.6644,-2195.59,4
934,1.18429,-2550,-4.60758,-2554.61,4
935,0.94452,-2336.64,-4.61789,-2341.26,4
936,0.932487,-2447.11,-4.62063,-2451.73,4
937,1.01926,-2447.77,-4.62456,-2452.39,4
938,1.02543,-2553.89,-4.60696,-2558.5,4
939,1.10353,-2337.23,-4.62066,-2341.85,4
940,0.544435,-2188.69,-4.65947,-2193.35,4
941,0.829293,-2325.97,-4.628,-2330.6,4
942,1.16364,-2549.34,-4.60666,-2553.95,4
943,0.564154,-2188.31,-4.66363,-2192.97,4
944,0.846726,-2449.53,-4.62004,-2454.15,4
945,0.916171,-2323.02,-4.62804,-2327.65,4
946,0.933294,-2447.92,-4.62354,-2452.54,4
947,1.06833,-2551.71,-4.60591,-2556.31,4
948,0.55753,-2188.77,-4.65995,-2193.43,4
949,0.577855,-2189.59,-4.66454,-2194.26,4
950,0.924059,-2323.33,-4.62805,-2327.96,4
951,1.24794,-2550.21,-4.60572,-2554.82,4
952,1.05005,-2336.53,-4.61708,-2341.15,4
953,0.956788,-2448.36,-4.62817,-2452.99,4
954,0.606067,-2188.68,-4.6544,-2193.33,4
955,0.956819,-2336.48,-4.61608,-2341.09,4
956,0.991583,-2324.22,-4.62765,-2328.85,4
957,0.835063,-2324.84,-4.63418,-2329.48,4
958,1.06599,-2450.79,-4.62001,-2455.41,4
959,1.07595,-2551.63,-4.60833,-2556.24,4
960,1.12936,-2549.85,-4.60738,-2554.46,4
961,0.516063,-2189.77,-4.66913,-2194.43,4
962,0.518933,-2189.32,-4.66128,-2193.98,4
963,0.614833,-2190.78,-4.65708,-2195.44,4
964,0.856928,-2450.03,-4.62524,-2454.66,4
965,1.04076,-2448.62,-4.6275,-2453.25,4
966,1.02591,-2336.26,-4.6189,-2340.88,4
967,1.17592,-2549.4,-4.60838,-2554.01,4
968,0.870303,-2448.71,-4.62262,-2453.33,4
969,0.579855,-2190,-4.65694,-2194.65,4
970,0.915856,-2337.16,-4.62251,-2341.78,4
971,0.894782,-2448.43,-4.62368,-2453.05,4
972,1.07872,-2550.76,-4.60597,-2555.37,4
973,1.09029,-2550.56,-4.60752,-2555.17,4
974,0.885505,-2323.08,-4.62717,-2327.71,4
975,0.61812,-2190.24,-4.66785,-2194.9,4
976,0.907076,-2449.21,-4.62407,-2453.84,4
977,1.03613,-2552.85,-4.60739,-2557.46,4
978,1.11893,-2550.31,-4.60669,-2554.91,4
979,0.544435,-2189.3,-4.66611,-2193.97,4
980,0.890657,-2447.8,-4.62214,-2452.42,4
981,0.594488,-2189.71,-4.66185,-2194.37,4
982,0.48087,-2192.37,-4.66881,-2197.04,4
983,0.940015,-2447.27,-4.62591,-2451.9,4
984,0.890972,-2447.81,-4.62461,-2452.43,4
985,0.927,-2322.86,-4.63057,-2327.49,4
986,1.0507,-2552,-4.60699,-2556.6,4
987,0.54956,-2188.74,-4.66218,-2193.4,4
988,1.17068,-2550.25,-4.60814,-2554.86,4
989,0.958407,-2322.29,-4.63172,-2326.92,4
990,0.525847,-2189.82,-4.66045,-2194.48,4
991,0.610035,-2189,-4.66751,-2193.66,4
992,0.624989,-2188.86,-4.66077,-2193.52,4
993,0.842395,-2450.13,-4.62529,-2454.75,4
994,0.537673,-2191,-4.66585,-2195.67,4
995,1.06022,-2551.14,-4.60645,-2555.74,4
996,0.569669,-2192.1,-4.65644,-2196.76,4
997,1.10576,-2337.22,-4.612,-2341.83,4
998,1.12211,-2550.31,-4.60605,-2554.92,4
999,0.91993,-2322.47,-4.62745,-2327.1,4
1000,0.898572,-2322.83,-4.62593,-2327.46,4
